2025-06-19 00:00:26 [http-nio-8080-exec-7] DEBUG org.hibernate.SQL - 
    select
        distinct r1_0.id,
        r1_0.cover_url,
        r1_0.created_at,
        r1_0.created_by,
        r1_0.default_map_id,
        r1_0.description,
        r1_0.difficulty,
        r1_0.image_urls,
        r1_0.is_favorite,
        r1_0.is_loop,
        r1_0.name,
        r1_0.popularity,
        r1_0.region,
        r1_0.region_id,
        r1_0.route_type,
        r1_0.status,
        r1_0.updated_at,
        r1_0.usage_count 
    from
        routes r1_0 
    left join
        route_tags t1_0 
            on r1_0.id=t1_0.route_id 
    where
        (
            ? is null 
            or lower(r1_0.name) like lower(('%'||?||'%')) escape '' 
            or lower(r1_0.description) like lower(('%'||?||'%')) escape ''
        ) 
        and (
            ? is null 
            or r1_0.region=?
        ) 
        and (
            ? is null 
            or r1_0.difficulty=?
        ) 
        and (
            ? is null 
            or r1_0.route_type=?
        ) 
        and (
            ? is null 
            or r1_0.status=?
        ) 
        and (
            ? is null 
            or t1_0.tag=?
        ) 
    offset
        ? rows 
    fetch
        first ? rows only
2025-06-19 00:00:26 [http-nio-8080-exec-7] DEBUG org.hibernate.SQL - 
    select
        rr1_0.id,
        rr1_0.difficulty,
        rr1_0.experience,
        rr1_0.facilities,
        rr1_0.overall,
        rr1_0.rating_count,
        rr1_0.route_id,
        rr1_0.scenery 
    from
        route_ratings rr1_0 
    where
        rr1_0.route_id=?
2025-06-19 00:00:26 [http-nio-8080-exec-7] DEBUG org.hibernate.SQL - 
    select
        rw1_0.id,
        rw1_0.best_seasons,
        rw1_0.description,
        rw1_0.precautions,
        rw1_0.route_id 
    from
        route_weather rw1_0 
    where
        rw1_0.route_id=?
2025-06-19 00:00:26 [http-nio-8080-exec-7] DEBUG org.hibernate.SQL - 
    select
        rr1_0.id,
        rr1_0.difficulty,
        rr1_0.experience,
        rr1_0.facilities,
        rr1_0.overall,
        rr1_0.rating_count,
        rr1_0.route_id,
        rr1_0.scenery 
    from
        route_ratings rr1_0 
    where
        rr1_0.route_id=?
2025-06-19 00:00:26 [http-nio-8080-exec-7] DEBUG org.hibernate.SQL - 
    select
        rw1_0.id,
        rw1_0.best_seasons,
        rw1_0.description,
        rw1_0.precautions,
        rw1_0.route_id 
    from
        route_weather rw1_0 
    where
        rw1_0.route_id=?
2025-06-19 00:00:26 [http-nio-8080-exec-7] DEBUG org.hibernate.SQL - 
    select
        rmd1_0.id,
        rmd1_0.altitude,
        rmd1_0.completion_count,
        rmd1_0.created_at,
        rmd1_0.distance,
        rmd1_0.duration,
        rmd1_0.elevation_gain,
        rmd1_0.elevation_loss,
        rmd1_0.favorite_count,
        rmd1_0.latitude,
        rmd1_0.longitude,
        rmd1_0.trip_count,
        rmd1_0.updated_at 
    from
        route_map_data rmd1_0 
    where
        rmd1_0.id=?
2025-06-19 00:00:26 [http-nio-8080-exec-7] DEBUG org.hibernate.SQL - 
    select
        rmd1_0.id,
        rmd1_0.altitude,
        rmd1_0.completion_count,
        rmd1_0.created_at,
        rmd1_0.distance,
        rmd1_0.duration,
        rmd1_0.elevation_gain,
        rmd1_0.elevation_loss,
        rmd1_0.favorite_count,
        rmd1_0.latitude,
        rmd1_0.longitude,
        rmd1_0.trip_count,
        rmd1_0.updated_at 
    from
        route_map_data rmd1_0 
    where
        rmd1_0.id=?
2025-06-19 00:00:35 [http-nio-8080-exec-8] DEBUG org.hibernate.SQL - 
    select
        distinct r1_0.id,
        r1_0.cover_url,
        r1_0.created_at,
        r1_0.created_by,
        r1_0.default_map_id,
        r1_0.description,
        r1_0.difficulty,
        r1_0.image_urls,
        r1_0.is_favorite,
        r1_0.is_loop,
        r1_0.name,
        r1_0.popularity,
        r1_0.region,
        r1_0.region_id,
        r1_0.route_type,
        r1_0.status,
        r1_0.updated_at,
        r1_0.usage_count 
    from
        routes r1_0 
    left join
        route_tags t1_0 
            on r1_0.id=t1_0.route_id 
    where
        (
            ? is null 
            or lower(r1_0.name) like lower(('%'||?||'%')) escape '' 
            or lower(r1_0.description) like lower(('%'||?||'%')) escape ''
        ) 
        and (
            ? is null 
            or r1_0.region=?
        ) 
        and (
            ? is null 
            or r1_0.difficulty=?
        ) 
        and (
            ? is null 
            or r1_0.route_type=?
        ) 
        and (
            ? is null 
            or r1_0.status=?
        ) 
        and (
            ? is null 
            or t1_0.tag=?
        ) 
    offset
        ? rows 
    fetch
        first ? rows only
2025-06-19 00:00:35 [http-nio-8080-exec-8] DEBUG org.hibernate.SQL - 
    select
        rr1_0.id,
        rr1_0.difficulty,
        rr1_0.experience,
        rr1_0.facilities,
        rr1_0.overall,
        rr1_0.rating_count,
        rr1_0.route_id,
        rr1_0.scenery 
    from
        route_ratings rr1_0 
    where
        rr1_0.route_id=?
2025-06-19 00:00:35 [http-nio-8080-exec-8] DEBUG org.hibernate.SQL - 
    select
        rw1_0.id,
        rw1_0.best_seasons,
        rw1_0.description,
        rw1_0.precautions,
        rw1_0.route_id 
    from
        route_weather rw1_0 
    where
        rw1_0.route_id=?
2025-06-19 00:00:35 [http-nio-8080-exec-8] DEBUG org.hibernate.SQL - 
    select
        rr1_0.id,
        rr1_0.difficulty,
        rr1_0.experience,
        rr1_0.facilities,
        rr1_0.overall,
        rr1_0.rating_count,
        rr1_0.route_id,
        rr1_0.scenery 
    from
        route_ratings rr1_0 
    where
        rr1_0.route_id=?
2025-06-19 00:00:35 [http-nio-8080-exec-8] DEBUG org.hibernate.SQL - 
    select
        rw1_0.id,
        rw1_0.best_seasons,
        rw1_0.description,
        rw1_0.precautions,
        rw1_0.route_id 
    from
        route_weather rw1_0 
    where
        rw1_0.route_id=?
2025-06-19 00:00:35 [http-nio-8080-exec-8] DEBUG org.hibernate.SQL - 
    select
        rmd1_0.id,
        rmd1_0.altitude,
        rmd1_0.completion_count,
        rmd1_0.created_at,
        rmd1_0.distance,
        rmd1_0.duration,
        rmd1_0.elevation_gain,
        rmd1_0.elevation_loss,
        rmd1_0.favorite_count,
        rmd1_0.latitude,
        rmd1_0.longitude,
        rmd1_0.trip_count,
        rmd1_0.updated_at 
    from
        route_map_data rmd1_0 
    where
        rmd1_0.id=?
2025-06-19 00:00:35 [http-nio-8080-exec-8] DEBUG org.hibernate.SQL - 
    select
        rmd1_0.id,
        rmd1_0.altitude,
        rmd1_0.completion_count,
        rmd1_0.created_at,
        rmd1_0.distance,
        rmd1_0.duration,
        rmd1_0.elevation_gain,
        rmd1_0.elevation_loss,
        rmd1_0.favorite_count,
        rmd1_0.latitude,
        rmd1_0.longitude,
        rmd1_0.trip_count,
        rmd1_0.updated_at 
    from
        route_map_data rmd1_0 
    where
        rmd1_0.id=?
2025-06-19 00:03:57 [http-nio-8080-exec-10] WARN  o.s.web.servlet.PageNotFound - No mapping for OPTIONS /walkbg/api/user/profile
2025-06-19 00:03:57 [http-nio-8080-exec-2] DEBUG org.hibernate.SQL - 
    select
        distinct r1_0.id,
        r1_0.cover_url,
        r1_0.created_at,
        r1_0.created_by,
        r1_0.default_map_id,
        r1_0.description,
        r1_0.difficulty,
        r1_0.image_urls,
        r1_0.is_favorite,
        r1_0.is_loop,
        r1_0.name,
        r1_0.popularity,
        r1_0.region,
        r1_0.region_id,
        r1_0.route_type,
        r1_0.status,
        r1_0.updated_at,
        r1_0.usage_count 
    from
        routes r1_0 
    left join
        route_tags t1_0 
            on r1_0.id=t1_0.route_id 
    where
        (
            ? is null 
            or lower(r1_0.name) like lower(('%'||?||'%')) escape '' 
            or lower(r1_0.description) like lower(('%'||?||'%')) escape ''
        ) 
        and (
            ? is null 
            or r1_0.region=?
        ) 
        and (
            ? is null 
            or r1_0.difficulty=?
        ) 
        and (
            ? is null 
            or r1_0.route_type=?
        ) 
        and (
            ? is null 
            or r1_0.status=?
        ) 
        and (
            ? is null 
            or t1_0.tag=?
        ) 
    offset
        ? rows 
    fetch
        first ? rows only
2025-06-19 00:03:57 [http-nio-8080-exec-2] DEBUG org.hibernate.SQL - 
    select
        rr1_0.id,
        rr1_0.difficulty,
        rr1_0.experience,
        rr1_0.facilities,
        rr1_0.overall,
        rr1_0.rating_count,
        rr1_0.route_id,
        rr1_0.scenery 
    from
        route_ratings rr1_0 
    where
        rr1_0.route_id=?
2025-06-19 00:03:57 [http-nio-8080-exec-2] DEBUG org.hibernate.SQL - 
    select
        rw1_0.id,
        rw1_0.best_seasons,
        rw1_0.description,
        rw1_0.precautions,
        rw1_0.route_id 
    from
        route_weather rw1_0 
    where
        rw1_0.route_id=?
2025-06-19 00:03:57 [http-nio-8080-exec-2] DEBUG org.hibernate.SQL - 
    select
        rr1_0.id,
        rr1_0.difficulty,
        rr1_0.experience,
        rr1_0.facilities,
        rr1_0.overall,
        rr1_0.rating_count,
        rr1_0.route_id,
        rr1_0.scenery 
    from
        route_ratings rr1_0 
    where
        rr1_0.route_id=?
2025-06-19 00:03:57 [http-nio-8080-exec-2] DEBUG org.hibernate.SQL - 
    select
        rw1_0.id,
        rw1_0.best_seasons,
        rw1_0.description,
        rw1_0.precautions,
        rw1_0.route_id 
    from
        route_weather rw1_0 
    where
        rw1_0.route_id=?
2025-06-19 00:03:57 [http-nio-8080-exec-2] DEBUG org.hibernate.SQL - 
    select
        rmd1_0.id,
        rmd1_0.altitude,
        rmd1_0.completion_count,
        rmd1_0.created_at,
        rmd1_0.distance,
        rmd1_0.duration,
        rmd1_0.elevation_gain,
        rmd1_0.elevation_loss,
        rmd1_0.favorite_count,
        rmd1_0.latitude,
        rmd1_0.longitude,
        rmd1_0.trip_count,
        rmd1_0.updated_at 
    from
        route_map_data rmd1_0 
    where
        rmd1_0.id=?
2025-06-19 00:03:57 [http-nio-8080-exec-2] DEBUG org.hibernate.SQL - 
    select
        rmd1_0.id,
        rmd1_0.altitude,
        rmd1_0.completion_count,
        rmd1_0.created_at,
        rmd1_0.distance,
        rmd1_0.duration,
        rmd1_0.elevation_gain,
        rmd1_0.elevation_loss,
        rmd1_0.favorite_count,
        rmd1_0.latitude,
        rmd1_0.longitude,
        rmd1_0.trip_count,
        rmd1_0.updated_at 
    from
        route_map_data rmd1_0 
    where
        rmd1_0.id=?
2025-06-19 00:03:57 [http-nio-8080-exec-10] ERROR o.e.config.GlobalExceptionHandler - 未处理的异常: 
org.springframework.web.servlet.NoHandlerFoundException: No endpoint OPTIONS /walkbg/api/user/profile.
	at org.springframework.web.servlet.DispatcherServlet.noHandlerFound(DispatcherServlet.java:1304)
	at org.springframework.web.servlet.DispatcherServlet.doDispatch(DispatcherServlet.java:1067)
	at org.springframework.web.servlet.DispatcherServlet.doService(DispatcherServlet.java:979)
	at org.springframework.web.servlet.FrameworkServlet.processRequest(FrameworkServlet.java:1014)
	at org.springframework.web.servlet.FrameworkServlet.doOptions(FrameworkServlet.java:950)
	at jakarta.servlet.http.HttpServlet.service(HttpServlet.java:599)
	at org.springframework.web.servlet.FrameworkServlet.service(FrameworkServlet.java:885)
	at jakarta.servlet.http.HttpServlet.service(HttpServlet.java:658)
	at org.apache.catalina.core.ApplicationFilterChain.internalDoFilter(ApplicationFilterChain.java:205)
	at org.apache.catalina.core.ApplicationFilterChain.doFilter(ApplicationFilterChain.java:149)
	at org.apache.tomcat.websocket.server.WsFilter.doFilter(WsFilter.java:51)
	at org.apache.catalina.core.ApplicationFilterChain.internalDoFilter(ApplicationFilterChain.java:174)
	at org.apache.catalina.core.ApplicationFilterChain.doFilter(ApplicationFilterChain.java:149)
	at org.springframework.web.filter.ServerHttpObservationFilter.doFilterInternal(ServerHttpObservationFilter.java:109)
	at org.springframework.web.filter.OncePerRequestFilter.doFilter(OncePerRequestFilter.java:116)
	at org.apache.catalina.core.ApplicationFilterChain.internalDoFilter(ApplicationFilterChain.java:174)
	at org.apache.catalina.core.ApplicationFilterChain.doFilter(ApplicationFilterChain.java:149)
	at org.springframework.web.filter.CharacterEncodingFilter.doFilterInternal(CharacterEncodingFilter.java:201)
	at org.springframework.web.filter.OncePerRequestFilter.doFilter(OncePerRequestFilter.java:116)
	at org.apache.catalina.core.ApplicationFilterChain.internalDoFilter(ApplicationFilterChain.java:174)
	at org.apache.catalina.core.ApplicationFilterChain.doFilter(ApplicationFilterChain.java:149)
	at org.apache.catalina.core.StandardWrapperValve.invoke(StandardWrapperValve.java:167)
	at org.apache.catalina.core.StandardContextValve.invoke(StandardContextValve.java:90)
	at org.apache.catalina.authenticator.AuthenticatorBase.invoke(AuthenticatorBase.java:482)
	at org.apache.catalina.core.StandardHostValve.invoke(StandardHostValve.java:115)
	at org.apache.catalina.valves.ErrorReportValve.invoke(ErrorReportValve.java:93)
	at org.apache.catalina.core.StandardEngineValve.invoke(StandardEngineValve.java:74)
	at org.apache.catalina.connector.CoyoteAdapter.service(CoyoteAdapter.java:344)
	at org.apache.coyote.http11.Http11Processor.service(Http11Processor.java:391)
	at org.apache.coyote.AbstractProcessorLight.process(AbstractProcessorLight.java:63)
	at org.apache.coyote.AbstractProtocol$ConnectionHandler.process(AbstractProtocol.java:896)
	at org.apache.tomcat.util.net.NioEndpoint$SocketProcessor.doRun(NioEndpoint.java:1744)
	at org.apache.tomcat.util.net.SocketProcessorBase.run(SocketProcessorBase.java:52)
	at org.apache.tomcat.util.threads.ThreadPoolExecutor.runWorker(ThreadPoolExecutor.java:1191)
	at org.apache.tomcat.util.threads.ThreadPoolExecutor$Worker.run(ThreadPoolExecutor.java:659)
	at org.apache.tomcat.util.threads.TaskThread$WrappingRunnable.run(TaskThread.java:63)
	at java.base/java.lang.Thread.run(Thread.java:840)
2025-06-19 00:05:36 [main] INFO  org.example.WalkbgApplicationKt - Starting WalkbgApplicationKt using Java 17.0.12 with PID 61605 (/Users/sunyongji/Develop/AI/walkbg/target/classes started by sunyongji in /Users/sunyongji/Develop/AI/walkbg)
2025-06-19 00:05:36 [main] DEBUG org.example.WalkbgApplicationKt - Running with Spring Boot v3.2.3, Spring v6.1.4
2025-06-19 00:05:36 [main] INFO  org.example.WalkbgApplicationKt - No active profile set, falling back to 1 default profile: "default"
2025-06-19 00:05:38 [main] INFO  o.s.d.r.c.RepositoryConfigurationDelegate - Bootstrapping Spring Data JPA repositories in DEFAULT mode.
2025-06-19 00:05:38 [main] INFO  o.s.d.r.c.RepositoryConfigurationDelegate - Finished Spring Data repository scanning in 4 ms. Found 0 JPA repository interfaces.
2025-06-19 00:05:38 [main] INFO  o.s.d.r.c.RepositoryConfigurationDelegate - Bootstrapping Spring Data JPA repositories in DEFAULT mode.
2025-06-19 00:05:38 [main] INFO  o.s.d.r.c.RepositoryConfigurationDelegate - Finished Spring Data repository scanning in 379 ms. Found 28 JPA repository interfaces.
2025-06-19 00:05:40 [main] INFO  o.s.b.w.e.tomcat.TomcatWebServer - Tomcat initialized with port 8080 (http)
2025-06-19 00:05:40 [main] INFO  o.a.catalina.core.StandardService - Starting service [Tomcat]
2025-06-19 00:05:40 [main] INFO  o.a.catalina.core.StandardEngine - Starting Servlet engine: [Apache Tomcat/10.1.19]
2025-06-19 00:05:40 [main] INFO  o.a.c.c.C.[.[localhost].[/walkbg] - Initializing Spring embedded WebApplicationContext
2025-06-19 00:05:40 [main] INFO  o.s.b.w.s.c.ServletWebServerApplicationContext - Root WebApplicationContext: initialization completed in 3906 ms
2025-06-19 00:05:41 [main] INFO  com.zaxxer.hikari.HikariDataSource - HikariPool-1 - Starting...
2025-06-19 00:05:41 [http-nio-8080-exec-4] WARN  o.s.web.servlet.PageNotFound - No mapping for OPTIONS /walkbg/api/user/profile
2025-06-19 00:05:41 [http-nio-8080-exec-4] ERROR o.e.config.GlobalExceptionHandler - 未处理的异常: 
org.springframework.web.servlet.NoHandlerFoundException: No endpoint OPTIONS /walkbg/api/user/profile.
	at org.springframework.web.servlet.DispatcherServlet.noHandlerFound(DispatcherServlet.java:1304)
	at org.springframework.web.servlet.DispatcherServlet.doDispatch(DispatcherServlet.java:1067)
	at org.springframework.web.servlet.DispatcherServlet.doService(DispatcherServlet.java:979)
	at org.springframework.web.servlet.FrameworkServlet.processRequest(FrameworkServlet.java:1014)
	at org.springframework.web.servlet.FrameworkServlet.doOptions(FrameworkServlet.java:950)
	at jakarta.servlet.http.HttpServlet.service(HttpServlet.java:599)
	at org.springframework.web.servlet.FrameworkServlet.service(FrameworkServlet.java:885)
	at jakarta.servlet.http.HttpServlet.service(HttpServlet.java:658)
	at org.apache.catalina.core.ApplicationFilterChain.internalDoFilter(ApplicationFilterChain.java:205)
	at org.apache.catalina.core.ApplicationFilterChain.doFilter(ApplicationFilterChain.java:149)
	at org.apache.tomcat.websocket.server.WsFilter.doFilter(WsFilter.java:51)
	at org.apache.catalina.core.ApplicationFilterChain.internalDoFilter(ApplicationFilterChain.java:174)
	at org.apache.catalina.core.ApplicationFilterChain.doFilter(ApplicationFilterChain.java:149)
	at org.springframework.web.filter.ServerHttpObservationFilter.doFilterInternal(ServerHttpObservationFilter.java:109)
	at org.springframework.web.filter.OncePerRequestFilter.doFilter(OncePerRequestFilter.java:116)
	at org.apache.catalina.core.ApplicationFilterChain.internalDoFilter(ApplicationFilterChain.java:174)
	at org.apache.catalina.core.ApplicationFilterChain.doFilter(ApplicationFilterChain.java:149)
	at org.springframework.web.filter.CharacterEncodingFilter.doFilterInternal(CharacterEncodingFilter.java:201)
	at org.springframework.web.filter.OncePerRequestFilter.doFilter(OncePerRequestFilter.java:116)
	at org.apache.catalina.core.ApplicationFilterChain.internalDoFilter(ApplicationFilterChain.java:174)
	at org.apache.catalina.core.ApplicationFilterChain.doFilter(ApplicationFilterChain.java:149)
	at org.apache.catalina.core.StandardWrapperValve.invoke(StandardWrapperValve.java:167)
	at org.apache.catalina.core.StandardContextValve.invoke(StandardContextValve.java:90)
	at org.apache.catalina.authenticator.AuthenticatorBase.invoke(AuthenticatorBase.java:482)
	at org.apache.catalina.core.StandardHostValve.invoke(StandardHostValve.java:115)
	at org.apache.catalina.valves.ErrorReportValve.invoke(ErrorReportValve.java:93)
	at org.apache.catalina.core.StandardEngineValve.invoke(StandardEngineValve.java:74)
	at org.apache.catalina.connector.CoyoteAdapter.service(CoyoteAdapter.java:344)
	at org.apache.coyote.http11.Http11Processor.service(Http11Processor.java:391)
	at org.apache.coyote.AbstractProcessorLight.process(AbstractProcessorLight.java:63)
	at org.apache.coyote.AbstractProtocol$ConnectionHandler.process(AbstractProtocol.java:896)
	at org.apache.tomcat.util.net.NioEndpoint$SocketProcessor.doRun(NioEndpoint.java:1744)
	at org.apache.tomcat.util.net.SocketProcessorBase.run(SocketProcessorBase.java:52)
	at org.apache.tomcat.util.threads.ThreadPoolExecutor.runWorker(ThreadPoolExecutor.java:1191)
	at org.apache.tomcat.util.threads.ThreadPoolExecutor$Worker.run(ThreadPoolExecutor.java:659)
	at org.apache.tomcat.util.threads.TaskThread$WrappingRunnable.run(TaskThread.java:63)
	at java.base/java.lang.Thread.run(Thread.java:840)
2025-06-19 00:05:41 [http-nio-8080-exec-5] DEBUG org.hibernate.SQL - 
    select
        distinct r1_0.id,
        r1_0.cover_url,
        r1_0.created_at,
        r1_0.created_by,
        r1_0.default_map_id,
        r1_0.description,
        r1_0.difficulty,
        r1_0.image_urls,
        r1_0.is_favorite,
        r1_0.is_loop,
        r1_0.name,
        r1_0.popularity,
        r1_0.region,
        r1_0.region_id,
        r1_0.route_type,
        r1_0.status,
        r1_0.updated_at,
        r1_0.usage_count 
    from
        routes r1_0 
    left join
        route_tags t1_0 
            on r1_0.id=t1_0.route_id 
    where
        (
            ? is null 
            or lower(r1_0.name) like lower(('%'||?||'%')) escape '' 
            or lower(r1_0.description) like lower(('%'||?||'%')) escape ''
        ) 
        and (
            ? is null 
            or r1_0.region=?
        ) 
        and (
            ? is null 
            or r1_0.difficulty=?
        ) 
        and (
            ? is null 
            or r1_0.route_type=?
        ) 
        and (
            ? is null 
            or r1_0.status=?
        ) 
        and (
            ? is null 
            or t1_0.tag=?
        ) 
    offset
        ? rows 
    fetch
        first ? rows only
2025-06-19 00:05:41 [http-nio-8080-exec-5] DEBUG org.hibernate.SQL - 
    select
        rr1_0.id,
        rr1_0.difficulty,
        rr1_0.experience,
        rr1_0.facilities,
        rr1_0.overall,
        rr1_0.rating_count,
        rr1_0.route_id,
        rr1_0.scenery 
    from
        route_ratings rr1_0 
    where
        rr1_0.route_id=?
2025-06-19 00:05:41 [http-nio-8080-exec-5] DEBUG org.hibernate.SQL - 
    select
        rw1_0.id,
        rw1_0.best_seasons,
        rw1_0.description,
        rw1_0.precautions,
        rw1_0.route_id 
    from
        route_weather rw1_0 
    where
        rw1_0.route_id=?
2025-06-19 00:05:41 [http-nio-8080-exec-5] DEBUG org.hibernate.SQL - 
    select
        rr1_0.id,
        rr1_0.difficulty,
        rr1_0.experience,
        rr1_0.facilities,
        rr1_0.overall,
        rr1_0.rating_count,
        rr1_0.route_id,
        rr1_0.scenery 
    from
        route_ratings rr1_0 
    where
        rr1_0.route_id=?
2025-06-19 00:05:41 [http-nio-8080-exec-5] DEBUG org.hibernate.SQL - 
    select
        rw1_0.id,
        rw1_0.best_seasons,
        rw1_0.description,
        rw1_0.precautions,
        rw1_0.route_id 
    from
        route_weather rw1_0 
    where
        rw1_0.route_id=?
2025-06-19 00:05:41 [http-nio-8080-exec-5] DEBUG org.hibernate.SQL - 
    select
        rmd1_0.id,
        rmd1_0.altitude,
        rmd1_0.completion_count,
        rmd1_0.created_at,
        rmd1_0.distance,
        rmd1_0.duration,
        rmd1_0.elevation_gain,
        rmd1_0.elevation_loss,
        rmd1_0.favorite_count,
        rmd1_0.latitude,
        rmd1_0.longitude,
        rmd1_0.trip_count,
        rmd1_0.updated_at 
    from
        route_map_data rmd1_0 
    where
        rmd1_0.id=?
2025-06-19 00:05:41 [http-nio-8080-exec-5] DEBUG org.hibernate.SQL - 
    select
        rmd1_0.id,
        rmd1_0.altitude,
        rmd1_0.completion_count,
        rmd1_0.created_at,
        rmd1_0.distance,
        rmd1_0.duration,
        rmd1_0.elevation_gain,
        rmd1_0.elevation_loss,
        rmd1_0.favorite_count,
        rmd1_0.latitude,
        rmd1_0.longitude,
        rmd1_0.trip_count,
        rmd1_0.updated_at 
    from
        route_map_data rmd1_0 
    where
        rmd1_0.id=?
2025-06-19 00:05:42 [main] ERROR com.zaxxer.hikari.pool.HikariPool - HikariPool-1 - Exception during pool initialization.
org.h2.jdbc.JdbcSQLNonTransientConnectionException: Database may be already in use: "/Users/sunyongji/Develop/AI/walkbg/data/walkbgdb.mv.db". Possible solutions: close all other connection(s); use the server mode [90020-224]
	at org.h2.message.DbException.getJdbcSQLException(DbException.java:690)
	at org.h2.message.DbException.getJdbcSQLException(DbException.java:489)
	at org.h2.message.DbException.get(DbException.java:212)
	at org.h2.mvstore.db.Store.convertMVStoreException(Store.java:165)
	at org.h2.mvstore.db.Store.<init>(Store.java:142)
	at org.h2.engine.Database.<init>(Database.java:326)
	at org.h2.engine.Engine.openSession(Engine.java:92)
	at org.h2.engine.Engine.openSession(Engine.java:222)
	at org.h2.engine.Engine.createSession(Engine.java:201)
	at org.h2.engine.SessionRemote.connectEmbeddedOrServer(SessionRemote.java:343)
	at org.h2.jdbc.JdbcConnection.<init>(JdbcConnection.java:125)
	at org.h2.Driver.connect(Driver.java:59)
	at com.zaxxer.hikari.util.DriverDataSource.getConnection(DriverDataSource.java:138)
	at com.zaxxer.hikari.pool.PoolBase.newConnection(PoolBase.java:359)
	at com.zaxxer.hikari.pool.PoolBase.newPoolEntry(PoolBase.java:201)
	at com.zaxxer.hikari.pool.HikariPool.createPoolEntry(HikariPool.java:470)
	at com.zaxxer.hikari.pool.HikariPool.checkFailFast(HikariPool.java:561)
	at com.zaxxer.hikari.pool.HikariPool.<init>(HikariPool.java:100)
	at com.zaxxer.hikari.HikariDataSource.getConnection(HikariDataSource.java:112)
	at org.springframework.boot.autoconfigure.h2.H2ConsoleAutoConfiguration.getConnectionUrl(H2ConsoleAutoConfiguration.java:94)
	at java.base/java.util.stream.ReferencePipeline$3$1.accept(ReferencePipeline.java:197)
	at java.base/java.util.ArrayList.forEach(ArrayList.java:1511)
	at java.base/java.util.stream.SortedOps$RefSortingSink.end(SortedOps.java:395)
	at java.base/java.util.stream.Sink$ChainedReference.end(Sink.java:258)
	at java.base/java.util.stream.Sink$ChainedReference.end(Sink.java:258)
	at java.base/java.util.stream.AbstractPipeline.copyInto(AbstractPipeline.java:510)
	at java.base/java.util.stream.AbstractPipeline.wrapAndCopyInto(AbstractPipeline.java:499)
	at java.base/java.util.stream.AbstractPipeline.evaluate(AbstractPipeline.java:575)
	at java.base/java.util.stream.AbstractPipeline.evaluateToArrayNode(AbstractPipeline.java:260)
	at java.base/java.util.stream.ReferencePipeline.toArray(ReferencePipeline.java:616)
	at java.base/java.util.stream.ReferencePipeline.toArray(ReferencePipeline.java:622)
	at java.base/java.util.stream.ReferencePipeline.toList(ReferencePipeline.java:627)
	at org.springframework.boot.autoconfigure.h2.H2ConsoleAutoConfiguration.logDataSources(H2ConsoleAutoConfiguration.java:86)
	at org.springframework.boot.autoconfigure.h2.H2ConsoleAutoConfiguration.lambda$h2Console$0(H2ConsoleAutoConfiguration.java:69)
	at org.springframework.boot.autoconfigure.h2.H2ConsoleAutoConfiguration.withThreadContextClassLoader(H2ConsoleAutoConfiguration.java:78)
	at org.springframework.boot.autoconfigure.h2.H2ConsoleAutoConfiguration.h2Console(H2ConsoleAutoConfiguration.java:69)
	at java.base/jdk.internal.reflect.NativeMethodAccessorImpl.invoke0(Native Method)
	at java.base/jdk.internal.reflect.NativeMethodAccessorImpl.invoke(NativeMethodAccessorImpl.java:77)
	at java.base/jdk.internal.reflect.DelegatingMethodAccessorImpl.invoke(DelegatingMethodAccessorImpl.java:43)
	at java.base/java.lang.reflect.Method.invoke(Method.java:569)
	at org.springframework.beans.factory.support.SimpleInstantiationStrategy.instantiate(SimpleInstantiationStrategy.java:140)
	at org.springframework.beans.factory.support.ConstructorResolver.instantiate(ConstructorResolver.java:647)
	at org.springframework.beans.factory.support.ConstructorResolver.instantiateUsingFactoryMethod(ConstructorResolver.java:639)
	at org.springframework.beans.factory.support.AbstractAutowireCapableBeanFactory.instantiateUsingFactoryMethod(AbstractAutowireCapableBeanFactory.java:1335)
	at org.springframework.beans.factory.support.AbstractAutowireCapableBeanFactory.createBeanInstance(AbstractAutowireCapableBeanFactory.java:1165)
	at org.springframework.beans.factory.support.AbstractAutowireCapableBeanFactory.doCreateBean(AbstractAutowireCapableBeanFactory.java:562)
	at org.springframework.beans.factory.support.AbstractAutowireCapableBeanFactory.createBean(AbstractAutowireCapableBeanFactory.java:522)
	at org.springframework.beans.factory.support.AbstractBeanFactory.lambda$doGetBean$0(AbstractBeanFactory.java:325)
	at org.springframework.beans.factory.support.DefaultSingletonBeanRegistry.getSingleton(DefaultSingletonBeanRegistry.java:234)
	at org.springframework.beans.factory.support.AbstractBeanFactory.doGetBean(AbstractBeanFactory.java:323)
	at org.springframework.beans.factory.support.AbstractBeanFactory.getBean(AbstractBeanFactory.java:204)
	at org.springframework.boot.web.servlet.ServletContextInitializerBeans.getOrderedBeansOfType(ServletContextInitializerBeans.java:210)
	at org.springframework.boot.web.servlet.ServletContextInitializerBeans.getOrderedBeansOfType(ServletContextInitializerBeans.java:201)
	at org.springframework.boot.web.servlet.ServletContextInitializerBeans.addServletContextInitializerBeans(ServletContextInitializerBeans.java:96)
	at org.springframework.boot.web.servlet.ServletContextInitializerBeans.<init>(ServletContextInitializerBeans.java:85)
	at org.springframework.boot.web.servlet.context.ServletWebServerApplicationContext.getServletContextInitializerBeans(ServletWebServerApplicationContext.java:266)
	at org.springframework.boot.web.servlet.context.ServletWebServerApplicationContext.selfInitialize(ServletWebServerApplicationContext.java:240)
	at org.springframework.boot.web.embedded.tomcat.TomcatStarter.onStartup(TomcatStarter.java:52)
	at org.apache.catalina.core.StandardContext.startInternal(StandardContext.java:4866)
	at org.apache.catalina.util.LifecycleBase.start(LifecycleBase.java:171)
	at org.apache.catalina.core.ContainerBase$StartChild.call(ContainerBase.java:1332)
	at org.apache.catalina.core.ContainerBase$StartChild.call(ContainerBase.java:1322)
	at java.base/java.util.concurrent.FutureTask.run(FutureTask.java:264)
	at org.apache.tomcat.util.threads.InlineExecutorService.execute(InlineExecutorService.java:75)
	at java.base/java.util.concurrent.AbstractExecutorService.submit(AbstractExecutorService.java:145)
	at org.apache.catalina.core.ContainerBase.startInternal(ContainerBase.java:866)
	at org.apache.catalina.core.StandardHost.startInternal(StandardHost.java:845)
	at org.apache.catalina.util.LifecycleBase.start(LifecycleBase.java:171)
	at org.apache.catalina.core.ContainerBase$StartChild.call(ContainerBase.java:1332)
	at org.apache.catalina.core.ContainerBase$StartChild.call(ContainerBase.java:1322)
	at java.base/java.util.concurrent.FutureTask.run(FutureTask.java:264)
	at org.apache.tomcat.util.threads.InlineExecutorService.execute(InlineExecutorService.java:75)
	at java.base/java.util.concurrent.AbstractExecutorService.submit(AbstractExecutorService.java:145)
	at org.apache.catalina.core.ContainerBase.startInternal(ContainerBase.java:866)
	at org.apache.catalina.core.StandardEngine.startInternal(StandardEngine.java:240)
	at org.apache.catalina.util.LifecycleBase.start(LifecycleBase.java:171)
	at org.apache.catalina.core.StandardService.startInternal(StandardService.java:433)
	at org.apache.catalina.util.LifecycleBase.start(LifecycleBase.java:171)
	at org.apache.catalina.core.StandardServer.startInternal(StandardServer.java:921)
	at org.apache.catalina.util.LifecycleBase.start(LifecycleBase.java:171)
	at org.apache.catalina.startup.Tomcat.start(Tomcat.java:437)
	at org.springframework.boot.web.embedded.tomcat.TomcatWebServer.initialize(TomcatWebServer.java:126)
	at org.springframework.boot.web.embedded.tomcat.TomcatWebServer.<init>(TomcatWebServer.java:105)
	at org.springframework.boot.web.embedded.tomcat.TomcatServletWebServerFactory.getTomcatWebServer(TomcatServletWebServerFactory.java:499)
	at org.springframework.boot.web.embedded.tomcat.TomcatServletWebServerFactory.getWebServer(TomcatServletWebServerFactory.java:218)
	at org.springframework.boot.web.servlet.context.ServletWebServerApplicationContext.createWebServer(ServletWebServerApplicationContext.java:188)
	at org.springframework.boot.web.servlet.context.ServletWebServerApplicationContext.onRefresh(ServletWebServerApplicationContext.java:162)
	at org.springframework.context.support.AbstractApplicationContext.refresh(AbstractApplicationContext.java:618)
	at org.springframework.boot.web.servlet.context.ServletWebServerApplicationContext.refresh(ServletWebServerApplicationContext.java:146)
	at org.springframework.boot.SpringApplication.refresh(SpringApplication.java:754)
	at org.springframework.boot.SpringApplication.refreshContext(SpringApplication.java:456)
	at org.springframework.boot.SpringApplication.run(SpringApplication.java:334)
	at org.springframework.boot.SpringApplication.run(SpringApplication.java:1354)
	at org.springframework.boot.SpringApplication.run(SpringApplication.java:1343)
	at org.example.WalkbgApplicationKt.main(WalkbgApplication.kt:22)
Caused by: org.h2.mvstore.MVStoreException: The file is locked: /Users/sunyongji/Develop/AI/walkbg/data/walkbgdb.mv.db [2.2.224/7]
	at org.h2.mvstore.DataUtils.newMVStoreException(DataUtils.java:996)
	at org.h2.mvstore.SingleFileStore.lockFileChannel(SingleFileStore.java:143)
	at org.h2.mvstore.SingleFileStore.open(SingleFileStore.java:117)
	at org.h2.mvstore.SingleFileStore.open(SingleFileStore.java:81)
	at org.h2.mvstore.MVStore.<init>(MVStore.java:286)
	at org.h2.mvstore.MVStore$Builder.open(MVStore.java:2035)
	at org.h2.mvstore.db.Store.<init>(Store.java:133)
	... 90 common frames omitted
2025-06-19 00:05:42 [main] INFO  o.h.jpa.internal.util.LogHelper - HHH000204: Processing PersistenceUnitInfo [name: default]
2025-06-19 00:05:42 [main] INFO  org.hibernate.Version - HHH000412: Hibernate ORM core version 6.4.4.Final
2025-06-19 00:05:42 [main] INFO  o.h.c.i.RegionFactoryInitiator - HHH000026: Second-level cache disabled
2025-06-19 00:05:43 [main] INFO  o.s.o.j.p.SpringPersistenceUnitInfo - No LoadTimeWeaver setup: ignoring JPA class transformer
2025-06-19 00:05:43 [main] INFO  com.zaxxer.hikari.HikariDataSource - HikariPool-1 - Starting...
2025-06-19 00:05:44 [main] ERROR com.zaxxer.hikari.pool.HikariPool - HikariPool-1 - Exception during pool initialization.
org.h2.jdbc.JdbcSQLNonTransientConnectionException: Database may be already in use: "/Users/sunyongji/Develop/AI/walkbg/data/walkbgdb.mv.db". Possible solutions: close all other connection(s); use the server mode [90020-224]
	at org.h2.message.DbException.getJdbcSQLException(DbException.java:690)
	at org.h2.message.DbException.getJdbcSQLException(DbException.java:489)
	at org.h2.message.DbException.get(DbException.java:212)
	at org.h2.mvstore.db.Store.convertMVStoreException(Store.java:165)
	at org.h2.mvstore.db.Store.<init>(Store.java:142)
	at org.h2.engine.Database.<init>(Database.java:326)
	at org.h2.engine.Engine.openSession(Engine.java:92)
	at org.h2.engine.Engine.openSession(Engine.java:222)
	at org.h2.engine.Engine.createSession(Engine.java:201)
	at org.h2.engine.SessionRemote.connectEmbeddedOrServer(SessionRemote.java:343)
	at org.h2.jdbc.JdbcConnection.<init>(JdbcConnection.java:125)
	at org.h2.Driver.connect(Driver.java:59)
	at com.zaxxer.hikari.util.DriverDataSource.getConnection(DriverDataSource.java:138)
	at com.zaxxer.hikari.pool.PoolBase.newConnection(PoolBase.java:359)
	at com.zaxxer.hikari.pool.PoolBase.newPoolEntry(PoolBase.java:201)
	at com.zaxxer.hikari.pool.HikariPool.createPoolEntry(HikariPool.java:470)
	at com.zaxxer.hikari.pool.HikariPool.checkFailFast(HikariPool.java:561)
	at com.zaxxer.hikari.pool.HikariPool.<init>(HikariPool.java:100)
	at com.zaxxer.hikari.HikariDataSource.getConnection(HikariDataSource.java:112)
	at org.hibernate.engine.jdbc.connections.internal.DatasourceConnectionProviderImpl.getConnection(DatasourceConnectionProviderImpl.java:122)
	at org.hibernate.engine.jdbc.env.internal.JdbcEnvironmentInitiator$ConnectionProviderJdbcConnectionAccess.obtainConnection(JdbcEnvironmentInitiator.java:428)
	at org.hibernate.resource.transaction.backend.jdbc.internal.JdbcIsolationDelegate.delegateWork(JdbcIsolationDelegate.java:61)
	at org.hibernate.engine.jdbc.env.internal.JdbcEnvironmentInitiator.getJdbcEnvironmentUsingJdbcMetadata(JdbcEnvironmentInitiator.java:276)
	at org.hibernate.engine.jdbc.env.internal.JdbcEnvironmentInitiator.initiateService(JdbcEnvironmentInitiator.java:107)
	at org.hibernate.engine.jdbc.env.internal.JdbcEnvironmentInitiator.initiateService(JdbcEnvironmentInitiator.java:68)
	at org.hibernate.boot.registry.internal.StandardServiceRegistryImpl.initiateService(StandardServiceRegistryImpl.java:130)
	at org.hibernate.service.internal.AbstractServiceRegistryImpl.createService(AbstractServiceRegistryImpl.java:263)
	at org.hibernate.service.internal.AbstractServiceRegistryImpl.initializeService(AbstractServiceRegistryImpl.java:238)
	at org.hibernate.service.internal.AbstractServiceRegistryImpl.getService(AbstractServiceRegistryImpl.java:215)
	at org.hibernate.boot.model.relational.Database.<init>(Database.java:45)
	at org.hibernate.boot.internal.InFlightMetadataCollectorImpl.getDatabase(InFlightMetadataCollectorImpl.java:223)
	at org.hibernate.boot.internal.InFlightMetadataCollectorImpl.<init>(InFlightMetadataCollectorImpl.java:191)
	at org.hibernate.boot.model.process.spi.MetadataBuildingProcess.complete(MetadataBuildingProcess.java:170)
	at org.hibernate.jpa.boot.internal.EntityManagerFactoryBuilderImpl.metadata(EntityManagerFactoryBuilderImpl.java:1432)
	at org.hibernate.jpa.boot.internal.EntityManagerFactoryBuilderImpl.build(EntityManagerFactoryBuilderImpl.java:1503)
	at org.springframework.orm.jpa.vendor.SpringHibernateJpaPersistenceProvider.createContainerEntityManagerFactory(SpringHibernateJpaPersistenceProvider.java:75)
	at org.springframework.orm.jpa.LocalContainerEntityManagerFactoryBean.createNativeEntityManagerFactory(LocalContainerEntityManagerFactoryBean.java:388)
	at org.springframework.orm.jpa.AbstractEntityManagerFactoryBean.buildNativeEntityManagerFactory(AbstractEntityManagerFactoryBean.java:409)
	at org.springframework.orm.jpa.AbstractEntityManagerFactoryBean.afterPropertiesSet(AbstractEntityManagerFactoryBean.java:396)
	at org.springframework.orm.jpa.LocalContainerEntityManagerFactoryBean.afterPropertiesSet(LocalContainerEntityManagerFactoryBean.java:364)
	at org.springframework.beans.factory.support.AbstractAutowireCapableBeanFactory.invokeInitMethods(AbstractAutowireCapableBeanFactory.java:1833)
	at org.springframework.beans.factory.support.AbstractAutowireCapableBeanFactory.initializeBean(AbstractAutowireCapableBeanFactory.java:1782)
	at org.springframework.beans.factory.support.AbstractAutowireCapableBeanFactory.doCreateBean(AbstractAutowireCapableBeanFactory.java:600)
	at org.springframework.beans.factory.support.AbstractAutowireCapableBeanFactory.createBean(AbstractAutowireCapableBeanFactory.java:522)
	at org.springframework.beans.factory.support.AbstractBeanFactory.lambda$doGetBean$0(AbstractBeanFactory.java:325)
	at org.springframework.beans.factory.support.DefaultSingletonBeanRegistry.getSingleton(DefaultSingletonBeanRegistry.java:234)
	at org.springframework.beans.factory.support.AbstractBeanFactory.doGetBean(AbstractBeanFactory.java:323)
	at org.springframework.beans.factory.support.AbstractBeanFactory.getBean(AbstractBeanFactory.java:199)
	at org.springframework.context.support.AbstractApplicationContext.getBean(AbstractApplicationContext.java:1231)
	at org.springframework.context.support.AbstractApplicationContext.finishBeanFactoryInitialization(AbstractApplicationContext.java:949)
	at org.springframework.context.support.AbstractApplicationContext.refresh(AbstractApplicationContext.java:624)
	at org.springframework.boot.web.servlet.context.ServletWebServerApplicationContext.refresh(ServletWebServerApplicationContext.java:146)
	at org.springframework.boot.SpringApplication.refresh(SpringApplication.java:754)
	at org.springframework.boot.SpringApplication.refreshContext(SpringApplication.java:456)
	at org.springframework.boot.SpringApplication.run(SpringApplication.java:334)
	at org.springframework.boot.SpringApplication.run(SpringApplication.java:1354)
	at org.springframework.boot.SpringApplication.run(SpringApplication.java:1343)
	at org.example.WalkbgApplicationKt.main(WalkbgApplication.kt:22)
Caused by: org.h2.mvstore.MVStoreException: The file is locked: /Users/sunyongji/Develop/AI/walkbg/data/walkbgdb.mv.db [2.2.224/7]
	at org.h2.mvstore.DataUtils.newMVStoreException(DataUtils.java:996)
	at org.h2.mvstore.SingleFileStore.lockFileChannel(SingleFileStore.java:143)
	at org.h2.mvstore.SingleFileStore.open(SingleFileStore.java:117)
	at org.h2.mvstore.SingleFileStore.open(SingleFileStore.java:81)
	at org.h2.mvstore.MVStore.<init>(MVStore.java:286)
	at org.h2.mvstore.MVStore$Builder.open(MVStore.java:2035)
	at org.h2.mvstore.db.Store.<init>(Store.java:133)
	... 53 common frames omitted
2025-06-19 00:05:44 [main] WARN  o.h.e.j.e.i.JdbcEnvironmentInitiator - HHH000342: Could not obtain connection to query metadata
java.lang.NullPointerException: Cannot invoke "org.hibernate.engine.jdbc.spi.SqlExceptionHelper.convert(java.sql.SQLException, String)" because the return value of "org.hibernate.resource.transaction.backend.jdbc.internal.JdbcIsolationDelegate.sqlExceptionHelper()" is null
	at org.hibernate.resource.transaction.backend.jdbc.internal.JdbcIsolationDelegate.delegateWork(JdbcIsolationDelegate.java:116)
	at org.hibernate.engine.jdbc.env.internal.JdbcEnvironmentInitiator.getJdbcEnvironmentUsingJdbcMetadata(JdbcEnvironmentInitiator.java:276)
	at org.hibernate.engine.jdbc.env.internal.JdbcEnvironmentInitiator.initiateService(JdbcEnvironmentInitiator.java:107)
	at org.hibernate.engine.jdbc.env.internal.JdbcEnvironmentInitiator.initiateService(JdbcEnvironmentInitiator.java:68)
	at org.hibernate.boot.registry.internal.StandardServiceRegistryImpl.initiateService(StandardServiceRegistryImpl.java:130)
	at org.hibernate.service.internal.AbstractServiceRegistryImpl.createService(AbstractServiceRegistryImpl.java:263)
	at org.hibernate.service.internal.AbstractServiceRegistryImpl.initializeService(AbstractServiceRegistryImpl.java:238)
	at org.hibernate.service.internal.AbstractServiceRegistryImpl.getService(AbstractServiceRegistryImpl.java:215)
	at org.hibernate.boot.model.relational.Database.<init>(Database.java:45)
	at org.hibernate.boot.internal.InFlightMetadataCollectorImpl.getDatabase(InFlightMetadataCollectorImpl.java:223)
	at org.hibernate.boot.internal.InFlightMetadataCollectorImpl.<init>(InFlightMetadataCollectorImpl.java:191)
	at org.hibernate.boot.model.process.spi.MetadataBuildingProcess.complete(MetadataBuildingProcess.java:170)
	at org.hibernate.jpa.boot.internal.EntityManagerFactoryBuilderImpl.metadata(EntityManagerFactoryBuilderImpl.java:1432)
	at org.hibernate.jpa.boot.internal.EntityManagerFactoryBuilderImpl.build(EntityManagerFactoryBuilderImpl.java:1503)
	at org.springframework.orm.jpa.vendor.SpringHibernateJpaPersistenceProvider.createContainerEntityManagerFactory(SpringHibernateJpaPersistenceProvider.java:75)
	at org.springframework.orm.jpa.LocalContainerEntityManagerFactoryBean.createNativeEntityManagerFactory(LocalContainerEntityManagerFactoryBean.java:388)
	at org.springframework.orm.jpa.AbstractEntityManagerFactoryBean.buildNativeEntityManagerFactory(AbstractEntityManagerFactoryBean.java:409)
	at org.springframework.orm.jpa.AbstractEntityManagerFactoryBean.afterPropertiesSet(AbstractEntityManagerFactoryBean.java:396)
	at org.springframework.orm.jpa.LocalContainerEntityManagerFactoryBean.afterPropertiesSet(LocalContainerEntityManagerFactoryBean.java:364)
	at org.springframework.beans.factory.support.AbstractAutowireCapableBeanFactory.invokeInitMethods(AbstractAutowireCapableBeanFactory.java:1833)
	at org.springframework.beans.factory.support.AbstractAutowireCapableBeanFactory.initializeBean(AbstractAutowireCapableBeanFactory.java:1782)
	at org.springframework.beans.factory.support.AbstractAutowireCapableBeanFactory.doCreateBean(AbstractAutowireCapableBeanFactory.java:600)
	at org.springframework.beans.factory.support.AbstractAutowireCapableBeanFactory.createBean(AbstractAutowireCapableBeanFactory.java:522)
	at org.springframework.beans.factory.support.AbstractBeanFactory.lambda$doGetBean$0(AbstractBeanFactory.java:325)
	at org.springframework.beans.factory.support.DefaultSingletonBeanRegistry.getSingleton(DefaultSingletonBeanRegistry.java:234)
	at org.springframework.beans.factory.support.AbstractBeanFactory.doGetBean(AbstractBeanFactory.java:323)
	at org.springframework.beans.factory.support.AbstractBeanFactory.getBean(AbstractBeanFactory.java:199)
	at org.springframework.context.support.AbstractApplicationContext.getBean(AbstractApplicationContext.java:1231)
	at org.springframework.context.support.AbstractApplicationContext.finishBeanFactoryInitialization(AbstractApplicationContext.java:949)
	at org.springframework.context.support.AbstractApplicationContext.refresh(AbstractApplicationContext.java:624)
	at org.springframework.boot.web.servlet.context.ServletWebServerApplicationContext.refresh(ServletWebServerApplicationContext.java:146)
	at org.springframework.boot.SpringApplication.refresh(SpringApplication.java:754)
	at org.springframework.boot.SpringApplication.refreshContext(SpringApplication.java:456)
	at org.springframework.boot.SpringApplication.run(SpringApplication.java:334)
	at org.springframework.boot.SpringApplication.run(SpringApplication.java:1354)
	at org.springframework.boot.SpringApplication.run(SpringApplication.java:1343)
	at org.example.WalkbgApplicationKt.main(WalkbgApplication.kt:22)
2025-06-19 00:05:44 [main] WARN  org.hibernate.orm.deprecation - HHH90000025: H2Dialect does not need to be specified explicitly using 'hibernate.dialect' (remove the property setting and it will be selected by default)
2025-06-19 00:05:46 [main] INFO  o.h.e.t.j.p.i.JtaPlatformInitiator - HHH000489: No JTA platform available (set 'hibernate.transaction.jta.platform' to enable JTA platform integration)
2025-06-19 00:05:46 [main] INFO  com.zaxxer.hikari.HikariDataSource - HikariPool-1 - Starting...
2025-06-19 00:05:47 [http-nio-8080-exec-6] WARN  o.s.web.servlet.PageNotFound - No mapping for OPTIONS /walkbg/api/user/profile
2025-06-19 00:05:47 [http-nio-8080-exec-7] WARN  o.s.web.servlet.PageNotFound - No mapping for OPTIONS /walkbg/api/user/stats
2025-06-19 00:05:47 [http-nio-8080-exec-6] ERROR o.e.config.GlobalExceptionHandler - 未处理的异常: 
org.springframework.web.servlet.NoHandlerFoundException: No endpoint OPTIONS /walkbg/api/user/profile.
	at org.springframework.web.servlet.DispatcherServlet.noHandlerFound(DispatcherServlet.java:1304)
	at org.springframework.web.servlet.DispatcherServlet.doDispatch(DispatcherServlet.java:1067)
	at org.springframework.web.servlet.DispatcherServlet.doService(DispatcherServlet.java:979)
	at org.springframework.web.servlet.FrameworkServlet.processRequest(FrameworkServlet.java:1014)
	at org.springframework.web.servlet.FrameworkServlet.doOptions(FrameworkServlet.java:950)
	at jakarta.servlet.http.HttpServlet.service(HttpServlet.java:599)
	at org.springframework.web.servlet.FrameworkServlet.service(FrameworkServlet.java:885)
	at jakarta.servlet.http.HttpServlet.service(HttpServlet.java:658)
	at org.apache.catalina.core.ApplicationFilterChain.internalDoFilter(ApplicationFilterChain.java:205)
	at org.apache.catalina.core.ApplicationFilterChain.doFilter(ApplicationFilterChain.java:149)
	at org.apache.tomcat.websocket.server.WsFilter.doFilter(WsFilter.java:51)
	at org.apache.catalina.core.ApplicationFilterChain.internalDoFilter(ApplicationFilterChain.java:174)
	at org.apache.catalina.core.ApplicationFilterChain.doFilter(ApplicationFilterChain.java:149)
	at org.springframework.web.filter.ServerHttpObservationFilter.doFilterInternal(ServerHttpObservationFilter.java:109)
	at org.springframework.web.filter.OncePerRequestFilter.doFilter(OncePerRequestFilter.java:116)
	at org.apache.catalina.core.ApplicationFilterChain.internalDoFilter(ApplicationFilterChain.java:174)
	at org.apache.catalina.core.ApplicationFilterChain.doFilter(ApplicationFilterChain.java:149)
	at org.springframework.web.filter.CharacterEncodingFilter.doFilterInternal(CharacterEncodingFilter.java:201)
	at org.springframework.web.filter.OncePerRequestFilter.doFilter(OncePerRequestFilter.java:116)
	at org.apache.catalina.core.ApplicationFilterChain.internalDoFilter(ApplicationFilterChain.java:174)
	at org.apache.catalina.core.ApplicationFilterChain.doFilter(ApplicationFilterChain.java:149)
	at org.apache.catalina.core.StandardWrapperValve.invoke(StandardWrapperValve.java:167)
	at org.apache.catalina.core.StandardContextValve.invoke(StandardContextValve.java:90)
	at org.apache.catalina.authenticator.AuthenticatorBase.invoke(AuthenticatorBase.java:482)
	at org.apache.catalina.core.StandardHostValve.invoke(StandardHostValve.java:115)
	at org.apache.catalina.valves.ErrorReportValve.invoke(ErrorReportValve.java:93)
	at org.apache.catalina.core.StandardEngineValve.invoke(StandardEngineValve.java:74)
	at org.apache.catalina.connector.CoyoteAdapter.service(CoyoteAdapter.java:344)
	at org.apache.coyote.http11.Http11Processor.service(Http11Processor.java:391)
	at org.apache.coyote.AbstractProcessorLight.process(AbstractProcessorLight.java:63)
	at org.apache.coyote.AbstractProtocol$ConnectionHandler.process(AbstractProtocol.java:896)
	at org.apache.tomcat.util.net.NioEndpoint$SocketProcessor.doRun(NioEndpoint.java:1744)
	at org.apache.tomcat.util.net.SocketProcessorBase.run(SocketProcessorBase.java:52)
	at org.apache.tomcat.util.threads.ThreadPoolExecutor.runWorker(ThreadPoolExecutor.java:1191)
	at org.apache.tomcat.util.threads.ThreadPoolExecutor$Worker.run(ThreadPoolExecutor.java:659)
	at org.apache.tomcat.util.threads.TaskThread$WrappingRunnable.run(TaskThread.java:63)
	at java.base/java.lang.Thread.run(Thread.java:840)
2025-06-19 00:05:47 [http-nio-8080-exec-7] ERROR o.e.config.GlobalExceptionHandler - 未处理的异常: 
org.springframework.web.servlet.NoHandlerFoundException: No endpoint OPTIONS /walkbg/api/user/stats.
	at org.springframework.web.servlet.DispatcherServlet.noHandlerFound(DispatcherServlet.java:1304)
	at org.springframework.web.servlet.DispatcherServlet.doDispatch(DispatcherServlet.java:1067)
	at org.springframework.web.servlet.DispatcherServlet.doService(DispatcherServlet.java:979)
	at org.springframework.web.servlet.FrameworkServlet.processRequest(FrameworkServlet.java:1014)
	at org.springframework.web.servlet.FrameworkServlet.doOptions(FrameworkServlet.java:950)
	at jakarta.servlet.http.HttpServlet.service(HttpServlet.java:599)
	at org.springframework.web.servlet.FrameworkServlet.service(FrameworkServlet.java:885)
	at jakarta.servlet.http.HttpServlet.service(HttpServlet.java:658)
	at org.apache.catalina.core.ApplicationFilterChain.internalDoFilter(ApplicationFilterChain.java:205)
	at org.apache.catalina.core.ApplicationFilterChain.doFilter(ApplicationFilterChain.java:149)
	at org.apache.tomcat.websocket.server.WsFilter.doFilter(WsFilter.java:51)
	at org.apache.catalina.core.ApplicationFilterChain.internalDoFilter(ApplicationFilterChain.java:174)
	at org.apache.catalina.core.ApplicationFilterChain.doFilter(ApplicationFilterChain.java:149)
	at org.springframework.web.filter.ServerHttpObservationFilter.doFilterInternal(ServerHttpObservationFilter.java:109)
	at org.springframework.web.filter.OncePerRequestFilter.doFilter(OncePerRequestFilter.java:116)
	at org.apache.catalina.core.ApplicationFilterChain.internalDoFilter(ApplicationFilterChain.java:174)
	at org.apache.catalina.core.ApplicationFilterChain.doFilter(ApplicationFilterChain.java:149)
	at org.springframework.web.filter.CharacterEncodingFilter.doFilterInternal(CharacterEncodingFilter.java:201)
	at org.springframework.web.filter.OncePerRequestFilter.doFilter(OncePerRequestFilter.java:116)
	at org.apache.catalina.core.ApplicationFilterChain.internalDoFilter(ApplicationFilterChain.java:174)
	at org.apache.catalina.core.ApplicationFilterChain.doFilter(ApplicationFilterChain.java:149)
	at org.apache.catalina.core.StandardWrapperValve.invoke(StandardWrapperValve.java:167)
	at org.apache.catalina.core.StandardContextValve.invoke(StandardContextValve.java:90)
	at org.apache.catalina.authenticator.AuthenticatorBase.invoke(AuthenticatorBase.java:482)
	at org.apache.catalina.core.StandardHostValve.invoke(StandardHostValve.java:115)
	at org.apache.catalina.valves.ErrorReportValve.invoke(ErrorReportValve.java:93)
	at org.apache.catalina.core.StandardEngineValve.invoke(StandardEngineValve.java:74)
	at org.apache.catalina.connector.CoyoteAdapter.service(CoyoteAdapter.java:344)
	at org.apache.coyote.http11.Http11Processor.service(Http11Processor.java:391)
	at org.apache.coyote.AbstractProcessorLight.process(AbstractProcessorLight.java:63)
	at org.apache.coyote.AbstractProtocol$ConnectionHandler.process(AbstractProtocol.java:896)
	at org.apache.tomcat.util.net.NioEndpoint$SocketProcessor.doRun(NioEndpoint.java:1744)
	at org.apache.tomcat.util.net.SocketProcessorBase.run(SocketProcessorBase.java:52)
	at org.apache.tomcat.util.threads.ThreadPoolExecutor.runWorker(ThreadPoolExecutor.java:1191)
	at org.apache.tomcat.util.threads.ThreadPoolExecutor$Worker.run(ThreadPoolExecutor.java:659)
	at org.apache.tomcat.util.threads.TaskThread$WrappingRunnable.run(TaskThread.java:63)
	at java.base/java.lang.Thread.run(Thread.java:840)
2025-06-19 00:05:47 [main] ERROR com.zaxxer.hikari.pool.HikariPool - HikariPool-1 - Exception during pool initialization.
org.h2.jdbc.JdbcSQLNonTransientConnectionException: Database may be already in use: "/Users/sunyongji/Develop/AI/walkbg/data/walkbgdb.mv.db". Possible solutions: close all other connection(s); use the server mode [90020-224]
	at org.h2.message.DbException.getJdbcSQLException(DbException.java:690)
	at org.h2.message.DbException.getJdbcSQLException(DbException.java:489)
	at org.h2.message.DbException.get(DbException.java:212)
	at org.h2.mvstore.db.Store.convertMVStoreException(Store.java:165)
	at org.h2.mvstore.db.Store.<init>(Store.java:142)
	at org.h2.engine.Database.<init>(Database.java:326)
	at org.h2.engine.Engine.openSession(Engine.java:92)
	at org.h2.engine.Engine.openSession(Engine.java:222)
	at org.h2.engine.Engine.createSession(Engine.java:201)
	at org.h2.engine.SessionRemote.connectEmbeddedOrServer(SessionRemote.java:343)
	at org.h2.jdbc.JdbcConnection.<init>(JdbcConnection.java:125)
	at org.h2.Driver.connect(Driver.java:59)
	at com.zaxxer.hikari.util.DriverDataSource.getConnection(DriverDataSource.java:138)
	at com.zaxxer.hikari.pool.PoolBase.newConnection(PoolBase.java:359)
	at com.zaxxer.hikari.pool.PoolBase.newPoolEntry(PoolBase.java:201)
	at com.zaxxer.hikari.pool.HikariPool.createPoolEntry(HikariPool.java:470)
	at com.zaxxer.hikari.pool.HikariPool.checkFailFast(HikariPool.java:561)
	at com.zaxxer.hikari.pool.HikariPool.<init>(HikariPool.java:100)
	at com.zaxxer.hikari.HikariDataSource.getConnection(HikariDataSource.java:112)
	at org.hibernate.engine.jdbc.connections.internal.DatasourceConnectionProviderImpl.getConnection(DatasourceConnectionProviderImpl.java:122)
	at org.hibernate.engine.jdbc.env.internal.JdbcEnvironmentInitiator$ConnectionProviderJdbcConnectionAccess.obtainConnection(JdbcEnvironmentInitiator.java:428)
	at org.hibernate.resource.transaction.backend.jdbc.internal.DdlTransactionIsolatorNonJtaImpl.getIsolatedConnection(DdlTransactionIsolatorNonJtaImpl.java:46)
	at org.hibernate.resource.transaction.backend.jdbc.internal.DdlTransactionIsolatorNonJtaImpl.getIsolatedConnection(DdlTransactionIsolatorNonJtaImpl.java:39)
	at org.hibernate.tool.schema.internal.exec.ImprovedExtractionContextImpl.getJdbcConnection(ImprovedExtractionContextImpl.java:63)
	at org.hibernate.tool.schema.extract.spi.ExtractionContext.getQueryResults(ExtractionContext.java:43)
	at org.hibernate.tool.schema.extract.internal.SequenceInformationExtractorLegacyImpl.extractMetadata(SequenceInformationExtractorLegacyImpl.java:39)
	at org.hibernate.tool.schema.extract.internal.DatabaseInformationImpl.initializeSequences(DatabaseInformationImpl.java:66)
	at org.hibernate.tool.schema.extract.internal.DatabaseInformationImpl.<init>(DatabaseInformationImpl.java:60)
	at org.hibernate.tool.schema.internal.Helper.buildDatabaseInformation(Helper.java:185)
	at org.hibernate.tool.schema.internal.AbstractSchemaMigrator.doMigration(AbstractSchemaMigrator.java:98)
	at org.hibernate.tool.schema.spi.SchemaManagementToolCoordinator.performDatabaseAction(SchemaManagementToolCoordinator.java:286)
	at org.hibernate.tool.schema.spi.SchemaManagementToolCoordinator.lambda$process$5(SchemaManagementToolCoordinator.java:145)
	at java.base/java.util.HashMap.forEach(HashMap.java:1421)
	at org.hibernate.tool.schema.spi.SchemaManagementToolCoordinator.process(SchemaManagementToolCoordinator.java:142)
	at org.hibernate.boot.internal.SessionFactoryObserverForSchemaExport.sessionFactoryCreated(SessionFactoryObserverForSchemaExport.java:37)
	at org.hibernate.internal.SessionFactoryObserverChain.sessionFactoryCreated(SessionFactoryObserverChain.java:35)
	at org.hibernate.internal.SessionFactoryImpl.<init>(SessionFactoryImpl.java:315)
	at org.hibernate.boot.internal.SessionFactoryBuilderImpl.build(SessionFactoryBuilderImpl.java:450)
	at org.hibernate.jpa.boot.internal.EntityManagerFactoryBuilderImpl.build(EntityManagerFactoryBuilderImpl.java:1507)
	at org.springframework.orm.jpa.vendor.SpringHibernateJpaPersistenceProvider.createContainerEntityManagerFactory(SpringHibernateJpaPersistenceProvider.java:75)
	at org.springframework.orm.jpa.LocalContainerEntityManagerFactoryBean.createNativeEntityManagerFactory(LocalContainerEntityManagerFactoryBean.java:388)
	at org.springframework.orm.jpa.AbstractEntityManagerFactoryBean.buildNativeEntityManagerFactory(AbstractEntityManagerFactoryBean.java:409)
	at org.springframework.orm.jpa.AbstractEntityManagerFactoryBean.afterPropertiesSet(AbstractEntityManagerFactoryBean.java:396)
	at org.springframework.orm.jpa.LocalContainerEntityManagerFactoryBean.afterPropertiesSet(LocalContainerEntityManagerFactoryBean.java:364)
	at org.springframework.beans.factory.support.AbstractAutowireCapableBeanFactory.invokeInitMethods(AbstractAutowireCapableBeanFactory.java:1833)
	at org.springframework.beans.factory.support.AbstractAutowireCapableBeanFactory.initializeBean(AbstractAutowireCapableBeanFactory.java:1782)
	at org.springframework.beans.factory.support.AbstractAutowireCapableBeanFactory.doCreateBean(AbstractAutowireCapableBeanFactory.java:600)
	at org.springframework.beans.factory.support.AbstractAutowireCapableBeanFactory.createBean(AbstractAutowireCapableBeanFactory.java:522)
	at org.springframework.beans.factory.support.AbstractBeanFactory.lambda$doGetBean$0(AbstractBeanFactory.java:325)
	at org.springframework.beans.factory.support.DefaultSingletonBeanRegistry.getSingleton(DefaultSingletonBeanRegistry.java:234)
	at org.springframework.beans.factory.support.AbstractBeanFactory.doGetBean(AbstractBeanFactory.java:323)
	at org.springframework.beans.factory.support.AbstractBeanFactory.getBean(AbstractBeanFactory.java:199)
	at org.springframework.context.support.AbstractApplicationContext.getBean(AbstractApplicationContext.java:1231)
	at org.springframework.context.support.AbstractApplicationContext.finishBeanFactoryInitialization(AbstractApplicationContext.java:949)
	at org.springframework.context.support.AbstractApplicationContext.refresh(AbstractApplicationContext.java:624)
	at org.springframework.boot.web.servlet.context.ServletWebServerApplicationContext.refresh(ServletWebServerApplicationContext.java:146)
	at org.springframework.boot.SpringApplication.refresh(SpringApplication.java:754)
	at org.springframework.boot.SpringApplication.refreshContext(SpringApplication.java:456)
	at org.springframework.boot.SpringApplication.run(SpringApplication.java:334)
	at org.springframework.boot.SpringApplication.run(SpringApplication.java:1354)
	at org.springframework.boot.SpringApplication.run(SpringApplication.java:1343)
	at org.example.WalkbgApplicationKt.main(WalkbgApplication.kt:22)
Caused by: org.h2.mvstore.MVStoreException: The file is locked: /Users/sunyongji/Develop/AI/walkbg/data/walkbgdb.mv.db [2.2.224/7]
	at org.h2.mvstore.DataUtils.newMVStoreException(DataUtils.java:996)
	at org.h2.mvstore.SingleFileStore.lockFileChannel(SingleFileStore.java:143)
	at org.h2.mvstore.SingleFileStore.open(SingleFileStore.java:117)
	at org.h2.mvstore.SingleFileStore.open(SingleFileStore.java:81)
	at org.h2.mvstore.MVStore.<init>(MVStore.java:286)
	at org.h2.mvstore.MVStore$Builder.open(MVStore.java:2035)
	at org.h2.mvstore.db.Store.<init>(Store.java:133)
	... 57 common frames omitted
2025-06-19 00:05:47 [main] WARN  o.h.e.jdbc.spi.SqlExceptionHelper - SQL Error: 90020, SQLState: 90020
2025-06-19 00:05:47 [main] ERROR o.h.e.jdbc.spi.SqlExceptionHelper - Database may be already in use: "/Users/sunyongji/Develop/AI/walkbg/data/walkbgdb.mv.db". Possible solutions: close all other connection(s); use the server mode [90020-224]
2025-06-19 00:05:47 [main] ERROR o.s.o.j.LocalContainerEntityManagerFactoryBean - Failed to initialize JPA EntityManagerFactory: [PersistenceUnit: default] Unable to build Hibernate SessionFactory; nested exception is org.hibernate.exception.JDBCConnectionException: Unable to open JDBC Connection for DDL execution [Database may be already in use: "/Users/sunyongji/Develop/AI/walkbg/data/walkbgdb.mv.db". Possible solutions: close all other connection(s); use the server mode [90020-224]] [n/a]
2025-06-19 00:05:47 [main] WARN  o.s.b.w.s.c.AnnotationConfigServletWebServerApplicationContext - Exception encountered during context initialization - cancelling refresh attempt: org.springframework.beans.factory.BeanCreationException: Error creating bean with name 'entityManagerFactory' defined in class path resource [org/springframework/boot/autoconfigure/orm/jpa/HibernateJpaConfiguration.class]: [PersistenceUnit: default] Unable to build Hibernate SessionFactory; nested exception is org.hibernate.exception.JDBCConnectionException: Unable to open JDBC Connection for DDL execution [Database may be already in use: "/Users/sunyongji/Develop/AI/walkbg/data/walkbgdb.mv.db". Possible solutions: close all other connection(s); use the server mode [90020-224]] [n/a]
2025-06-19 00:05:47 [main] INFO  o.a.catalina.core.StandardService - Stopping service [Tomcat]
2025-06-19 00:05:47 [main] INFO  o.s.b.a.l.ConditionEvaluationReportLogger - 

Error starting ApplicationContext. To display the condition evaluation report re-run your application with 'debug' enabled.
2025-06-19 00:05:47 [main] ERROR o.s.boot.SpringApplication - Application run failed
org.springframework.beans.factory.BeanCreationException: Error creating bean with name 'entityManagerFactory' defined in class path resource [org/springframework/boot/autoconfigure/orm/jpa/HibernateJpaConfiguration.class]: [PersistenceUnit: default] Unable to build Hibernate SessionFactory; nested exception is org.hibernate.exception.JDBCConnectionException: Unable to open JDBC Connection for DDL execution [Database may be already in use: "/Users/sunyongji/Develop/AI/walkbg/data/walkbgdb.mv.db". Possible solutions: close all other connection(s); use the server mode [90020-224]] [n/a]
	at org.springframework.beans.factory.support.AbstractAutowireCapableBeanFactory.initializeBean(AbstractAutowireCapableBeanFactory.java:1786)
	at org.springframework.beans.factory.support.AbstractAutowireCapableBeanFactory.doCreateBean(AbstractAutowireCapableBeanFactory.java:600)
	at org.springframework.beans.factory.support.AbstractAutowireCapableBeanFactory.createBean(AbstractAutowireCapableBeanFactory.java:522)
	at org.springframework.beans.factory.support.AbstractBeanFactory.lambda$doGetBean$0(AbstractBeanFactory.java:325)
	at org.springframework.beans.factory.support.DefaultSingletonBeanRegistry.getSingleton(DefaultSingletonBeanRegistry.java:234)
	at org.springframework.beans.factory.support.AbstractBeanFactory.doGetBean(AbstractBeanFactory.java:323)
	at org.springframework.beans.factory.support.AbstractBeanFactory.getBean(AbstractBeanFactory.java:199)
	at org.springframework.context.support.AbstractApplicationContext.getBean(AbstractApplicationContext.java:1231)
	at org.springframework.context.support.AbstractApplicationContext.finishBeanFactoryInitialization(AbstractApplicationContext.java:949)
	at org.springframework.context.support.AbstractApplicationContext.refresh(AbstractApplicationContext.java:624)
	at org.springframework.boot.web.servlet.context.ServletWebServerApplicationContext.refresh(ServletWebServerApplicationContext.java:146)
	at org.springframework.boot.SpringApplication.refresh(SpringApplication.java:754)
	at org.springframework.boot.SpringApplication.refreshContext(SpringApplication.java:456)
	at org.springframework.boot.SpringApplication.run(SpringApplication.java:334)
	at org.springframework.boot.SpringApplication.run(SpringApplication.java:1354)
	at org.springframework.boot.SpringApplication.run(SpringApplication.java:1343)
	at org.example.WalkbgApplicationKt.main(WalkbgApplication.kt:22)
Caused by: jakarta.persistence.PersistenceException: [PersistenceUnit: default] Unable to build Hibernate SessionFactory; nested exception is org.hibernate.exception.JDBCConnectionException: Unable to open JDBC Connection for DDL execution [Database may be already in use: "/Users/sunyongji/Develop/AI/walkbg/data/walkbgdb.mv.db". Possible solutions: close all other connection(s); use the server mode [90020-224]] [n/a]
	at org.springframework.orm.jpa.AbstractEntityManagerFactoryBean.buildNativeEntityManagerFactory(AbstractEntityManagerFactoryBean.java:421)
	at org.springframework.orm.jpa.AbstractEntityManagerFactoryBean.afterPropertiesSet(AbstractEntityManagerFactoryBean.java:396)
	at org.springframework.orm.jpa.LocalContainerEntityManagerFactoryBean.afterPropertiesSet(LocalContainerEntityManagerFactoryBean.java:364)
	at org.springframework.beans.factory.support.AbstractAutowireCapableBeanFactory.invokeInitMethods(AbstractAutowireCapableBeanFactory.java:1833)
	at org.springframework.beans.factory.support.AbstractAutowireCapableBeanFactory.initializeBean(AbstractAutowireCapableBeanFactory.java:1782)
	... 16 common frames omitted
Caused by: org.hibernate.exception.JDBCConnectionException: Unable to open JDBC Connection for DDL execution [Database may be already in use: "/Users/sunyongji/Develop/AI/walkbg/data/walkbgdb.mv.db". Possible solutions: close all other connection(s); use the server mode [90020-224]] [n/a]
	at org.hibernate.exception.internal.SQLExceptionTypeDelegate.convert(SQLExceptionTypeDelegate.java:51)
	at org.hibernate.exception.internal.StandardSQLExceptionConverter.convert(StandardSQLExceptionConverter.java:58)
	at org.hibernate.engine.jdbc.spi.SqlExceptionHelper.convert(SqlExceptionHelper.java:108)
	at org.hibernate.engine.jdbc.spi.SqlExceptionHelper.convert(SqlExceptionHelper.java:94)
	at org.hibernate.resource.transaction.backend.jdbc.internal.DdlTransactionIsolatorNonJtaImpl.getIsolatedConnection(DdlTransactionIsolatorNonJtaImpl.java:74)
	at org.hibernate.resource.transaction.backend.jdbc.internal.DdlTransactionIsolatorNonJtaImpl.getIsolatedConnection(DdlTransactionIsolatorNonJtaImpl.java:39)
	at org.hibernate.tool.schema.internal.exec.ImprovedExtractionContextImpl.getJdbcConnection(ImprovedExtractionContextImpl.java:63)
	at org.hibernate.tool.schema.extract.spi.ExtractionContext.getQueryResults(ExtractionContext.java:43)
	at org.hibernate.tool.schema.extract.internal.SequenceInformationExtractorLegacyImpl.extractMetadata(SequenceInformationExtractorLegacyImpl.java:39)
	at org.hibernate.tool.schema.extract.internal.DatabaseInformationImpl.initializeSequences(DatabaseInformationImpl.java:66)
	at org.hibernate.tool.schema.extract.internal.DatabaseInformationImpl.<init>(DatabaseInformationImpl.java:60)
	at org.hibernate.tool.schema.internal.Helper.buildDatabaseInformation(Helper.java:185)
	at org.hibernate.tool.schema.internal.AbstractSchemaMigrator.doMigration(AbstractSchemaMigrator.java:98)
	at org.hibernate.tool.schema.spi.SchemaManagementToolCoordinator.performDatabaseAction(SchemaManagementToolCoordinator.java:286)
	at org.hibernate.tool.schema.spi.SchemaManagementToolCoordinator.lambda$process$5(SchemaManagementToolCoordinator.java:145)
	at java.base/java.util.HashMap.forEach(HashMap.java:1421)
	at org.hibernate.tool.schema.spi.SchemaManagementToolCoordinator.process(SchemaManagementToolCoordinator.java:142)
	at org.hibernate.boot.internal.SessionFactoryObserverForSchemaExport.sessionFactoryCreated(SessionFactoryObserverForSchemaExport.java:37)
	at org.hibernate.internal.SessionFactoryObserverChain.sessionFactoryCreated(SessionFactoryObserverChain.java:35)
	at org.hibernate.internal.SessionFactoryImpl.<init>(SessionFactoryImpl.java:315)
	at org.hibernate.boot.internal.SessionFactoryBuilderImpl.build(SessionFactoryBuilderImpl.java:450)
	at org.hibernate.jpa.boot.internal.EntityManagerFactoryBuilderImpl.build(EntityManagerFactoryBuilderImpl.java:1507)
	at org.springframework.orm.jpa.vendor.SpringHibernateJpaPersistenceProvider.createContainerEntityManagerFactory(SpringHibernateJpaPersistenceProvider.java:75)
	at org.springframework.orm.jpa.LocalContainerEntityManagerFactoryBean.createNativeEntityManagerFactory(LocalContainerEntityManagerFactoryBean.java:388)
	at org.springframework.orm.jpa.AbstractEntityManagerFactoryBean.buildNativeEntityManagerFactory(AbstractEntityManagerFactoryBean.java:409)
	... 20 common frames omitted
Caused by: org.h2.jdbc.JdbcSQLNonTransientConnectionException: Database may be already in use: "/Users/sunyongji/Develop/AI/walkbg/data/walkbgdb.mv.db". Possible solutions: close all other connection(s); use the server mode [90020-224]
	at org.h2.message.DbException.getJdbcSQLException(DbException.java:690)
	at org.h2.message.DbException.getJdbcSQLException(DbException.java:489)
	at org.h2.message.DbException.get(DbException.java:212)
	at org.h2.mvstore.db.Store.convertMVStoreException(Store.java:165)
	at org.h2.mvstore.db.Store.<init>(Store.java:142)
	at org.h2.engine.Database.<init>(Database.java:326)
	at org.h2.engine.Engine.openSession(Engine.java:92)
	at org.h2.engine.Engine.openSession(Engine.java:222)
	at org.h2.engine.Engine.createSession(Engine.java:201)
	at org.h2.engine.SessionRemote.connectEmbeddedOrServer(SessionRemote.java:343)
	at org.h2.jdbc.JdbcConnection.<init>(JdbcConnection.java:125)
	at org.h2.Driver.connect(Driver.java:59)
	at com.zaxxer.hikari.util.DriverDataSource.getConnection(DriverDataSource.java:138)
	at com.zaxxer.hikari.pool.PoolBase.newConnection(PoolBase.java:359)
	at com.zaxxer.hikari.pool.PoolBase.newPoolEntry(PoolBase.java:201)
	at com.zaxxer.hikari.pool.HikariPool.createPoolEntry(HikariPool.java:470)
	at com.zaxxer.hikari.pool.HikariPool.checkFailFast(HikariPool.java:561)
	at com.zaxxer.hikari.pool.HikariPool.<init>(HikariPool.java:100)
	at com.zaxxer.hikari.HikariDataSource.getConnection(HikariDataSource.java:112)
	at org.hibernate.engine.jdbc.connections.internal.DatasourceConnectionProviderImpl.getConnection(DatasourceConnectionProviderImpl.java:122)
	at org.hibernate.engine.jdbc.env.internal.JdbcEnvironmentInitiator$ConnectionProviderJdbcConnectionAccess.obtainConnection(JdbcEnvironmentInitiator.java:428)
	at org.hibernate.resource.transaction.backend.jdbc.internal.DdlTransactionIsolatorNonJtaImpl.getIsolatedConnection(DdlTransactionIsolatorNonJtaImpl.java:46)
	... 40 common frames omitted
Caused by: org.h2.mvstore.MVStoreException: The file is locked: /Users/sunyongji/Develop/AI/walkbg/data/walkbgdb.mv.db [2.2.224/7]
	at org.h2.mvstore.DataUtils.newMVStoreException(DataUtils.java:996)
	at org.h2.mvstore.SingleFileStore.lockFileChannel(SingleFileStore.java:143)
	at org.h2.mvstore.SingleFileStore.open(SingleFileStore.java:117)
	at org.h2.mvstore.SingleFileStore.open(SingleFileStore.java:81)
	at org.h2.mvstore.MVStore.<init>(MVStore.java:286)
	at org.h2.mvstore.MVStore$Builder.open(MVStore.java:2035)
	at org.h2.mvstore.db.Store.<init>(Store.java:133)
	... 57 common frames omitted
2025-06-19 00:08:17 [main] INFO  org.example.WalkbgApplicationKt - Starting WalkbgApplicationKt using Java 17.0.12 with PID 66172 (/Users/sunyongji/Develop/AI/walkbg/target/classes started by sunyongji in /Users/sunyongji/Develop/AI/walkbg)
2025-06-19 00:08:17 [main] DEBUG org.example.WalkbgApplicationKt - Running with Spring Boot v3.2.3, Spring v6.1.4
2025-06-19 00:08:17 [main] INFO  org.example.WalkbgApplicationKt - No active profile set, falling back to 1 default profile: "default"
2025-06-19 00:08:18 [main] INFO  o.s.d.r.c.RepositoryConfigurationDelegate - Bootstrapping Spring Data JPA repositories in DEFAULT mode.
2025-06-19 00:08:18 [main] INFO  o.s.d.r.c.RepositoryConfigurationDelegate - Finished Spring Data repository scanning in 3 ms. Found 0 JPA repository interfaces.
2025-06-19 00:08:18 [main] INFO  o.s.d.r.c.RepositoryConfigurationDelegate - Bootstrapping Spring Data JPA repositories in DEFAULT mode.
2025-06-19 00:08:18 [main] INFO  o.s.d.r.c.RepositoryConfigurationDelegate - Finished Spring Data repository scanning in 333 ms. Found 28 JPA repository interfaces.
2025-06-19 00:08:20 [main] INFO  o.s.b.w.e.tomcat.TomcatWebServer - Tomcat initialized with port 8080 (http)
2025-06-19 00:08:20 [main] INFO  o.a.catalina.core.StandardService - Starting service [Tomcat]
2025-06-19 00:08:20 [main] INFO  o.a.catalina.core.StandardEngine - Starting Servlet engine: [Apache Tomcat/10.1.19]
2025-06-19 00:08:20 [main] INFO  o.a.c.c.C.[.[localhost].[/walkbg] - Initializing Spring embedded WebApplicationContext
2025-06-19 00:08:20 [main] INFO  o.s.b.w.s.c.ServletWebServerApplicationContext - Root WebApplicationContext: initialization completed in 3314 ms
2025-06-19 00:08:20 [main] INFO  com.zaxxer.hikari.HikariDataSource - HikariPool-1 - Starting...
2025-06-19 00:08:21 [main] ERROR com.zaxxer.hikari.pool.HikariPool - HikariPool-1 - Exception during pool initialization.
org.h2.jdbc.JdbcSQLNonTransientConnectionException: Database may be already in use: "/Users/sunyongji/Develop/AI/walkbg/data/walkbgdb.mv.db". Possible solutions: close all other connection(s); use the server mode [90020-224]
	at org.h2.message.DbException.getJdbcSQLException(DbException.java:690)
	at org.h2.message.DbException.getJdbcSQLException(DbException.java:489)
	at org.h2.message.DbException.get(DbException.java:212)
	at org.h2.mvstore.db.Store.convertMVStoreException(Store.java:165)
	at org.h2.mvstore.db.Store.<init>(Store.java:142)
	at org.h2.engine.Database.<init>(Database.java:326)
	at org.h2.engine.Engine.openSession(Engine.java:92)
	at org.h2.engine.Engine.openSession(Engine.java:222)
	at org.h2.engine.Engine.createSession(Engine.java:201)
	at org.h2.engine.SessionRemote.connectEmbeddedOrServer(SessionRemote.java:343)
	at org.h2.jdbc.JdbcConnection.<init>(JdbcConnection.java:125)
	at org.h2.Driver.connect(Driver.java:59)
	at com.zaxxer.hikari.util.DriverDataSource.getConnection(DriverDataSource.java:138)
	at com.zaxxer.hikari.pool.PoolBase.newConnection(PoolBase.java:359)
	at com.zaxxer.hikari.pool.PoolBase.newPoolEntry(PoolBase.java:201)
	at com.zaxxer.hikari.pool.HikariPool.createPoolEntry(HikariPool.java:470)
	at com.zaxxer.hikari.pool.HikariPool.checkFailFast(HikariPool.java:561)
	at com.zaxxer.hikari.pool.HikariPool.<init>(HikariPool.java:100)
	at com.zaxxer.hikari.HikariDataSource.getConnection(HikariDataSource.java:112)
	at org.springframework.boot.autoconfigure.h2.H2ConsoleAutoConfiguration.getConnectionUrl(H2ConsoleAutoConfiguration.java:94)
	at java.base/java.util.stream.ReferencePipeline$3$1.accept(ReferencePipeline.java:197)
	at java.base/java.util.ArrayList.forEach(ArrayList.java:1511)
	at java.base/java.util.stream.SortedOps$RefSortingSink.end(SortedOps.java:395)
	at java.base/java.util.stream.Sink$ChainedReference.end(Sink.java:258)
	at java.base/java.util.stream.Sink$ChainedReference.end(Sink.java:258)
	at java.base/java.util.stream.AbstractPipeline.copyInto(AbstractPipeline.java:510)
	at java.base/java.util.stream.AbstractPipeline.wrapAndCopyInto(AbstractPipeline.java:499)
	at java.base/java.util.stream.AbstractPipeline.evaluate(AbstractPipeline.java:575)
	at java.base/java.util.stream.AbstractPipeline.evaluateToArrayNode(AbstractPipeline.java:260)
	at java.base/java.util.stream.ReferencePipeline.toArray(ReferencePipeline.java:616)
	at java.base/java.util.stream.ReferencePipeline.toArray(ReferencePipeline.java:622)
	at java.base/java.util.stream.ReferencePipeline.toList(ReferencePipeline.java:627)
	at org.springframework.boot.autoconfigure.h2.H2ConsoleAutoConfiguration.logDataSources(H2ConsoleAutoConfiguration.java:86)
	at org.springframework.boot.autoconfigure.h2.H2ConsoleAutoConfiguration.lambda$h2Console$0(H2ConsoleAutoConfiguration.java:69)
	at org.springframework.boot.autoconfigure.h2.H2ConsoleAutoConfiguration.withThreadContextClassLoader(H2ConsoleAutoConfiguration.java:78)
	at org.springframework.boot.autoconfigure.h2.H2ConsoleAutoConfiguration.h2Console(H2ConsoleAutoConfiguration.java:69)
	at java.base/jdk.internal.reflect.NativeMethodAccessorImpl.invoke0(Native Method)
	at java.base/jdk.internal.reflect.NativeMethodAccessorImpl.invoke(NativeMethodAccessorImpl.java:77)
	at java.base/jdk.internal.reflect.DelegatingMethodAccessorImpl.invoke(DelegatingMethodAccessorImpl.java:43)
	at java.base/java.lang.reflect.Method.invoke(Method.java:569)
	at org.springframework.beans.factory.support.SimpleInstantiationStrategy.instantiate(SimpleInstantiationStrategy.java:140)
	at org.springframework.beans.factory.support.ConstructorResolver.instantiate(ConstructorResolver.java:647)
	at org.springframework.beans.factory.support.ConstructorResolver.instantiateUsingFactoryMethod(ConstructorResolver.java:639)
	at org.springframework.beans.factory.support.AbstractAutowireCapableBeanFactory.instantiateUsingFactoryMethod(AbstractAutowireCapableBeanFactory.java:1335)
	at org.springframework.beans.factory.support.AbstractAutowireCapableBeanFactory.createBeanInstance(AbstractAutowireCapableBeanFactory.java:1165)
	at org.springframework.beans.factory.support.AbstractAutowireCapableBeanFactory.doCreateBean(AbstractAutowireCapableBeanFactory.java:562)
	at org.springframework.beans.factory.support.AbstractAutowireCapableBeanFactory.createBean(AbstractAutowireCapableBeanFactory.java:522)
	at org.springframework.beans.factory.support.AbstractBeanFactory.lambda$doGetBean$0(AbstractBeanFactory.java:325)
	at org.springframework.beans.factory.support.DefaultSingletonBeanRegistry.getSingleton(DefaultSingletonBeanRegistry.java:234)
	at org.springframework.beans.factory.support.AbstractBeanFactory.doGetBean(AbstractBeanFactory.java:323)
	at org.springframework.beans.factory.support.AbstractBeanFactory.getBean(AbstractBeanFactory.java:204)
	at org.springframework.boot.web.servlet.ServletContextInitializerBeans.getOrderedBeansOfType(ServletContextInitializerBeans.java:210)
	at org.springframework.boot.web.servlet.ServletContextInitializerBeans.getOrderedBeansOfType(ServletContextInitializerBeans.java:201)
	at org.springframework.boot.web.servlet.ServletContextInitializerBeans.addServletContextInitializerBeans(ServletContextInitializerBeans.java:96)
	at org.springframework.boot.web.servlet.ServletContextInitializerBeans.<init>(ServletContextInitializerBeans.java:85)
	at org.springframework.boot.web.servlet.context.ServletWebServerApplicationContext.getServletContextInitializerBeans(ServletWebServerApplicationContext.java:266)
	at org.springframework.boot.web.servlet.context.ServletWebServerApplicationContext.selfInitialize(ServletWebServerApplicationContext.java:240)
	at org.springframework.boot.web.embedded.tomcat.TomcatStarter.onStartup(TomcatStarter.java:52)
	at org.apache.catalina.core.StandardContext.startInternal(StandardContext.java:4866)
	at org.apache.catalina.util.LifecycleBase.start(LifecycleBase.java:171)
	at org.apache.catalina.core.ContainerBase$StartChild.call(ContainerBase.java:1332)
	at org.apache.catalina.core.ContainerBase$StartChild.call(ContainerBase.java:1322)
	at java.base/java.util.concurrent.FutureTask.run(FutureTask.java:264)
	at org.apache.tomcat.util.threads.InlineExecutorService.execute(InlineExecutorService.java:75)
	at java.base/java.util.concurrent.AbstractExecutorService.submit(AbstractExecutorService.java:145)
	at org.apache.catalina.core.ContainerBase.startInternal(ContainerBase.java:866)
	at org.apache.catalina.core.StandardHost.startInternal(StandardHost.java:845)
	at org.apache.catalina.util.LifecycleBase.start(LifecycleBase.java:171)
	at org.apache.catalina.core.ContainerBase$StartChild.call(ContainerBase.java:1332)
	at org.apache.catalina.core.ContainerBase$StartChild.call(ContainerBase.java:1322)
	at java.base/java.util.concurrent.FutureTask.run(FutureTask.java:264)
	at org.apache.tomcat.util.threads.InlineExecutorService.execute(InlineExecutorService.java:75)
	at java.base/java.util.concurrent.AbstractExecutorService.submit(AbstractExecutorService.java:145)
	at org.apache.catalina.core.ContainerBase.startInternal(ContainerBase.java:866)
	at org.apache.catalina.core.StandardEngine.startInternal(StandardEngine.java:240)
	at org.apache.catalina.util.LifecycleBase.start(LifecycleBase.java:171)
	at org.apache.catalina.core.StandardService.startInternal(StandardService.java:433)
	at org.apache.catalina.util.LifecycleBase.start(LifecycleBase.java:171)
	at org.apache.catalina.core.StandardServer.startInternal(StandardServer.java:921)
	at org.apache.catalina.util.LifecycleBase.start(LifecycleBase.java:171)
	at org.apache.catalina.startup.Tomcat.start(Tomcat.java:437)
	at org.springframework.boot.web.embedded.tomcat.TomcatWebServer.initialize(TomcatWebServer.java:126)
	at org.springframework.boot.web.embedded.tomcat.TomcatWebServer.<init>(TomcatWebServer.java:105)
	at org.springframework.boot.web.embedded.tomcat.TomcatServletWebServerFactory.getTomcatWebServer(TomcatServletWebServerFactory.java:499)
	at org.springframework.boot.web.embedded.tomcat.TomcatServletWebServerFactory.getWebServer(TomcatServletWebServerFactory.java:218)
	at org.springframework.boot.web.servlet.context.ServletWebServerApplicationContext.createWebServer(ServletWebServerApplicationContext.java:188)
	at org.springframework.boot.web.servlet.context.ServletWebServerApplicationContext.onRefresh(ServletWebServerApplicationContext.java:162)
	at org.springframework.context.support.AbstractApplicationContext.refresh(AbstractApplicationContext.java:618)
	at org.springframework.boot.web.servlet.context.ServletWebServerApplicationContext.refresh(ServletWebServerApplicationContext.java:146)
	at org.springframework.boot.SpringApplication.refresh(SpringApplication.java:754)
	at org.springframework.boot.SpringApplication.refreshContext(SpringApplication.java:456)
	at org.springframework.boot.SpringApplication.run(SpringApplication.java:334)
	at org.springframework.boot.SpringApplication.run(SpringApplication.java:1354)
	at org.springframework.boot.SpringApplication.run(SpringApplication.java:1343)
	at org.example.WalkbgApplicationKt.main(WalkbgApplication.kt:22)
Caused by: org.h2.mvstore.MVStoreException: The file is locked: /Users/sunyongji/Develop/AI/walkbg/data/walkbgdb.mv.db [2.2.224/7]
	at org.h2.mvstore.DataUtils.newMVStoreException(DataUtils.java:996)
	at org.h2.mvstore.SingleFileStore.lockFileChannel(SingleFileStore.java:143)
	at org.h2.mvstore.SingleFileStore.open(SingleFileStore.java:117)
	at org.h2.mvstore.SingleFileStore.open(SingleFileStore.java:81)
	at org.h2.mvstore.MVStore.<init>(MVStore.java:286)
	at org.h2.mvstore.MVStore$Builder.open(MVStore.java:2035)
	at org.h2.mvstore.db.Store.<init>(Store.java:133)
	... 90 common frames omitted
2025-06-19 00:08:22 [main] INFO  o.h.jpa.internal.util.LogHelper - HHH000204: Processing PersistenceUnitInfo [name: default]
2025-06-19 00:08:22 [main] INFO  org.hibernate.Version - HHH000412: Hibernate ORM core version 6.4.4.Final
2025-06-19 00:08:22 [main] INFO  o.h.c.i.RegionFactoryInitiator - HHH000026: Second-level cache disabled
2025-06-19 00:08:22 [main] INFO  o.s.o.j.p.SpringPersistenceUnitInfo - No LoadTimeWeaver setup: ignoring JPA class transformer
2025-06-19 00:08:22 [main] INFO  com.zaxxer.hikari.HikariDataSource - HikariPool-1 - Starting...
2025-06-19 00:08:23 [main] ERROR com.zaxxer.hikari.pool.HikariPool - HikariPool-1 - Exception during pool initialization.
org.h2.jdbc.JdbcSQLNonTransientConnectionException: Database may be already in use: "/Users/sunyongji/Develop/AI/walkbg/data/walkbgdb.mv.db". Possible solutions: close all other connection(s); use the server mode [90020-224]
	at org.h2.message.DbException.getJdbcSQLException(DbException.java:690)
	at org.h2.message.DbException.getJdbcSQLException(DbException.java:489)
	at org.h2.message.DbException.get(DbException.java:212)
	at org.h2.mvstore.db.Store.convertMVStoreException(Store.java:165)
	at org.h2.mvstore.db.Store.<init>(Store.java:142)
	at org.h2.engine.Database.<init>(Database.java:326)
	at org.h2.engine.Engine.openSession(Engine.java:92)
	at org.h2.engine.Engine.openSession(Engine.java:222)
	at org.h2.engine.Engine.createSession(Engine.java:201)
	at org.h2.engine.SessionRemote.connectEmbeddedOrServer(SessionRemote.java:343)
	at org.h2.jdbc.JdbcConnection.<init>(JdbcConnection.java:125)
	at org.h2.Driver.connect(Driver.java:59)
	at com.zaxxer.hikari.util.DriverDataSource.getConnection(DriverDataSource.java:138)
	at com.zaxxer.hikari.pool.PoolBase.newConnection(PoolBase.java:359)
	at com.zaxxer.hikari.pool.PoolBase.newPoolEntry(PoolBase.java:201)
	at com.zaxxer.hikari.pool.HikariPool.createPoolEntry(HikariPool.java:470)
	at com.zaxxer.hikari.pool.HikariPool.checkFailFast(HikariPool.java:561)
	at com.zaxxer.hikari.pool.HikariPool.<init>(HikariPool.java:100)
	at com.zaxxer.hikari.HikariDataSource.getConnection(HikariDataSource.java:112)
	at org.hibernate.engine.jdbc.connections.internal.DatasourceConnectionProviderImpl.getConnection(DatasourceConnectionProviderImpl.java:122)
	at org.hibernate.engine.jdbc.env.internal.JdbcEnvironmentInitiator$ConnectionProviderJdbcConnectionAccess.obtainConnection(JdbcEnvironmentInitiator.java:428)
	at org.hibernate.resource.transaction.backend.jdbc.internal.JdbcIsolationDelegate.delegateWork(JdbcIsolationDelegate.java:61)
	at org.hibernate.engine.jdbc.env.internal.JdbcEnvironmentInitiator.getJdbcEnvironmentUsingJdbcMetadata(JdbcEnvironmentInitiator.java:276)
	at org.hibernate.engine.jdbc.env.internal.JdbcEnvironmentInitiator.initiateService(JdbcEnvironmentInitiator.java:107)
	at org.hibernate.engine.jdbc.env.internal.JdbcEnvironmentInitiator.initiateService(JdbcEnvironmentInitiator.java:68)
	at org.hibernate.boot.registry.internal.StandardServiceRegistryImpl.initiateService(StandardServiceRegistryImpl.java:130)
	at org.hibernate.service.internal.AbstractServiceRegistryImpl.createService(AbstractServiceRegistryImpl.java:263)
	at org.hibernate.service.internal.AbstractServiceRegistryImpl.initializeService(AbstractServiceRegistryImpl.java:238)
	at org.hibernate.service.internal.AbstractServiceRegistryImpl.getService(AbstractServiceRegistryImpl.java:215)
	at org.hibernate.boot.model.relational.Database.<init>(Database.java:45)
	at org.hibernate.boot.internal.InFlightMetadataCollectorImpl.getDatabase(InFlightMetadataCollectorImpl.java:223)
	at org.hibernate.boot.internal.InFlightMetadataCollectorImpl.<init>(InFlightMetadataCollectorImpl.java:191)
	at org.hibernate.boot.model.process.spi.MetadataBuildingProcess.complete(MetadataBuildingProcess.java:170)
	at org.hibernate.jpa.boot.internal.EntityManagerFactoryBuilderImpl.metadata(EntityManagerFactoryBuilderImpl.java:1432)
	at org.hibernate.jpa.boot.internal.EntityManagerFactoryBuilderImpl.build(EntityManagerFactoryBuilderImpl.java:1503)
	at org.springframework.orm.jpa.vendor.SpringHibernateJpaPersistenceProvider.createContainerEntityManagerFactory(SpringHibernateJpaPersistenceProvider.java:75)
	at org.springframework.orm.jpa.LocalContainerEntityManagerFactoryBean.createNativeEntityManagerFactory(LocalContainerEntityManagerFactoryBean.java:388)
	at org.springframework.orm.jpa.AbstractEntityManagerFactoryBean.buildNativeEntityManagerFactory(AbstractEntityManagerFactoryBean.java:409)
	at org.springframework.orm.jpa.AbstractEntityManagerFactoryBean.afterPropertiesSet(AbstractEntityManagerFactoryBean.java:396)
	at org.springframework.orm.jpa.LocalContainerEntityManagerFactoryBean.afterPropertiesSet(LocalContainerEntityManagerFactoryBean.java:364)
	at org.springframework.beans.factory.support.AbstractAutowireCapableBeanFactory.invokeInitMethods(AbstractAutowireCapableBeanFactory.java:1833)
	at org.springframework.beans.factory.support.AbstractAutowireCapableBeanFactory.initializeBean(AbstractAutowireCapableBeanFactory.java:1782)
	at org.springframework.beans.factory.support.AbstractAutowireCapableBeanFactory.doCreateBean(AbstractAutowireCapableBeanFactory.java:600)
	at org.springframework.beans.factory.support.AbstractAutowireCapableBeanFactory.createBean(AbstractAutowireCapableBeanFactory.java:522)
	at org.springframework.beans.factory.support.AbstractBeanFactory.lambda$doGetBean$0(AbstractBeanFactory.java:325)
	at org.springframework.beans.factory.support.DefaultSingletonBeanRegistry.getSingleton(DefaultSingletonBeanRegistry.java:234)
	at org.springframework.beans.factory.support.AbstractBeanFactory.doGetBean(AbstractBeanFactory.java:323)
	at org.springframework.beans.factory.support.AbstractBeanFactory.getBean(AbstractBeanFactory.java:199)
	at org.springframework.context.support.AbstractApplicationContext.getBean(AbstractApplicationContext.java:1231)
	at org.springframework.context.support.AbstractApplicationContext.finishBeanFactoryInitialization(AbstractApplicationContext.java:949)
	at org.springframework.context.support.AbstractApplicationContext.refresh(AbstractApplicationContext.java:624)
	at org.springframework.boot.web.servlet.context.ServletWebServerApplicationContext.refresh(ServletWebServerApplicationContext.java:146)
	at org.springframework.boot.SpringApplication.refresh(SpringApplication.java:754)
	at org.springframework.boot.SpringApplication.refreshContext(SpringApplication.java:456)
	at org.springframework.boot.SpringApplication.run(SpringApplication.java:334)
	at org.springframework.boot.SpringApplication.run(SpringApplication.java:1354)
	at org.springframework.boot.SpringApplication.run(SpringApplication.java:1343)
	at org.example.WalkbgApplicationKt.main(WalkbgApplication.kt:22)
Caused by: org.h2.mvstore.MVStoreException: The file is locked: /Users/sunyongji/Develop/AI/walkbg/data/walkbgdb.mv.db [2.2.224/7]
	at org.h2.mvstore.DataUtils.newMVStoreException(DataUtils.java:996)
	at org.h2.mvstore.SingleFileStore.lockFileChannel(SingleFileStore.java:143)
	at org.h2.mvstore.SingleFileStore.open(SingleFileStore.java:117)
	at org.h2.mvstore.SingleFileStore.open(SingleFileStore.java:81)
	at org.h2.mvstore.MVStore.<init>(MVStore.java:286)
	at org.h2.mvstore.MVStore$Builder.open(MVStore.java:2035)
	at org.h2.mvstore.db.Store.<init>(Store.java:133)
	... 53 common frames omitted
2025-06-19 00:08:23 [main] WARN  o.h.e.j.e.i.JdbcEnvironmentInitiator - HHH000342: Could not obtain connection to query metadata
java.lang.NullPointerException: Cannot invoke "org.hibernate.engine.jdbc.spi.SqlExceptionHelper.convert(java.sql.SQLException, String)" because the return value of "org.hibernate.resource.transaction.backend.jdbc.internal.JdbcIsolationDelegate.sqlExceptionHelper()" is null
	at org.hibernate.resource.transaction.backend.jdbc.internal.JdbcIsolationDelegate.delegateWork(JdbcIsolationDelegate.java:116)
	at org.hibernate.engine.jdbc.env.internal.JdbcEnvironmentInitiator.getJdbcEnvironmentUsingJdbcMetadata(JdbcEnvironmentInitiator.java:276)
	at org.hibernate.engine.jdbc.env.internal.JdbcEnvironmentInitiator.initiateService(JdbcEnvironmentInitiator.java:107)
	at org.hibernate.engine.jdbc.env.internal.JdbcEnvironmentInitiator.initiateService(JdbcEnvironmentInitiator.java:68)
	at org.hibernate.boot.registry.internal.StandardServiceRegistryImpl.initiateService(StandardServiceRegistryImpl.java:130)
	at org.hibernate.service.internal.AbstractServiceRegistryImpl.createService(AbstractServiceRegistryImpl.java:263)
	at org.hibernate.service.internal.AbstractServiceRegistryImpl.initializeService(AbstractServiceRegistryImpl.java:238)
	at org.hibernate.service.internal.AbstractServiceRegistryImpl.getService(AbstractServiceRegistryImpl.java:215)
	at org.hibernate.boot.model.relational.Database.<init>(Database.java:45)
	at org.hibernate.boot.internal.InFlightMetadataCollectorImpl.getDatabase(InFlightMetadataCollectorImpl.java:223)
	at org.hibernate.boot.internal.InFlightMetadataCollectorImpl.<init>(InFlightMetadataCollectorImpl.java:191)
	at org.hibernate.boot.model.process.spi.MetadataBuildingProcess.complete(MetadataBuildingProcess.java:170)
	at org.hibernate.jpa.boot.internal.EntityManagerFactoryBuilderImpl.metadata(EntityManagerFactoryBuilderImpl.java:1432)
	at org.hibernate.jpa.boot.internal.EntityManagerFactoryBuilderImpl.build(EntityManagerFactoryBuilderImpl.java:1503)
	at org.springframework.orm.jpa.vendor.SpringHibernateJpaPersistenceProvider.createContainerEntityManagerFactory(SpringHibernateJpaPersistenceProvider.java:75)
	at org.springframework.orm.jpa.LocalContainerEntityManagerFactoryBean.createNativeEntityManagerFactory(LocalContainerEntityManagerFactoryBean.java:388)
	at org.springframework.orm.jpa.AbstractEntityManagerFactoryBean.buildNativeEntityManagerFactory(AbstractEntityManagerFactoryBean.java:409)
	at org.springframework.orm.jpa.AbstractEntityManagerFactoryBean.afterPropertiesSet(AbstractEntityManagerFactoryBean.java:396)
	at org.springframework.orm.jpa.LocalContainerEntityManagerFactoryBean.afterPropertiesSet(LocalContainerEntityManagerFactoryBean.java:364)
	at org.springframework.beans.factory.support.AbstractAutowireCapableBeanFactory.invokeInitMethods(AbstractAutowireCapableBeanFactory.java:1833)
	at org.springframework.beans.factory.support.AbstractAutowireCapableBeanFactory.initializeBean(AbstractAutowireCapableBeanFactory.java:1782)
	at org.springframework.beans.factory.support.AbstractAutowireCapableBeanFactory.doCreateBean(AbstractAutowireCapableBeanFactory.java:600)
	at org.springframework.beans.factory.support.AbstractAutowireCapableBeanFactory.createBean(AbstractAutowireCapableBeanFactory.java:522)
	at org.springframework.beans.factory.support.AbstractBeanFactory.lambda$doGetBean$0(AbstractBeanFactory.java:325)
	at org.springframework.beans.factory.support.DefaultSingletonBeanRegistry.getSingleton(DefaultSingletonBeanRegistry.java:234)
	at org.springframework.beans.factory.support.AbstractBeanFactory.doGetBean(AbstractBeanFactory.java:323)
	at org.springframework.beans.factory.support.AbstractBeanFactory.getBean(AbstractBeanFactory.java:199)
	at org.springframework.context.support.AbstractApplicationContext.getBean(AbstractApplicationContext.java:1231)
	at org.springframework.context.support.AbstractApplicationContext.finishBeanFactoryInitialization(AbstractApplicationContext.java:949)
	at org.springframework.context.support.AbstractApplicationContext.refresh(AbstractApplicationContext.java:624)
	at org.springframework.boot.web.servlet.context.ServletWebServerApplicationContext.refresh(ServletWebServerApplicationContext.java:146)
	at org.springframework.boot.SpringApplication.refresh(SpringApplication.java:754)
	at org.springframework.boot.SpringApplication.refreshContext(SpringApplication.java:456)
	at org.springframework.boot.SpringApplication.run(SpringApplication.java:334)
	at org.springframework.boot.SpringApplication.run(SpringApplication.java:1354)
	at org.springframework.boot.SpringApplication.run(SpringApplication.java:1343)
	at org.example.WalkbgApplicationKt.main(WalkbgApplication.kt:22)
2025-06-19 00:08:23 [main] WARN  org.hibernate.orm.deprecation - HHH90000025: H2Dialect does not need to be specified explicitly using 'hibernate.dialect' (remove the property setting and it will be selected by default)
2025-06-19 00:08:25 [main] INFO  o.h.e.t.j.p.i.JtaPlatformInitiator - HHH000489: No JTA platform available (set 'hibernate.transaction.jta.platform' to enable JTA platform integration)
2025-06-19 00:08:25 [main] INFO  com.zaxxer.hikari.HikariDataSource - HikariPool-1 - Starting...
2025-06-19 00:08:26 [main] ERROR com.zaxxer.hikari.pool.HikariPool - HikariPool-1 - Exception during pool initialization.
org.h2.jdbc.JdbcSQLNonTransientConnectionException: Database may be already in use: "/Users/sunyongji/Develop/AI/walkbg/data/walkbgdb.mv.db". Possible solutions: close all other connection(s); use the server mode [90020-224]
	at org.h2.message.DbException.getJdbcSQLException(DbException.java:690)
	at org.h2.message.DbException.getJdbcSQLException(DbException.java:489)
	at org.h2.message.DbException.get(DbException.java:212)
	at org.h2.mvstore.db.Store.convertMVStoreException(Store.java:165)
	at org.h2.mvstore.db.Store.<init>(Store.java:142)
	at org.h2.engine.Database.<init>(Database.java:326)
	at org.h2.engine.Engine.openSession(Engine.java:92)
	at org.h2.engine.Engine.openSession(Engine.java:222)
	at org.h2.engine.Engine.createSession(Engine.java:201)
	at org.h2.engine.SessionRemote.connectEmbeddedOrServer(SessionRemote.java:343)
	at org.h2.jdbc.JdbcConnection.<init>(JdbcConnection.java:125)
	at org.h2.Driver.connect(Driver.java:59)
	at com.zaxxer.hikari.util.DriverDataSource.getConnection(DriverDataSource.java:138)
	at com.zaxxer.hikari.pool.PoolBase.newConnection(PoolBase.java:359)
	at com.zaxxer.hikari.pool.PoolBase.newPoolEntry(PoolBase.java:201)
	at com.zaxxer.hikari.pool.HikariPool.createPoolEntry(HikariPool.java:470)
	at com.zaxxer.hikari.pool.HikariPool.checkFailFast(HikariPool.java:561)
	at com.zaxxer.hikari.pool.HikariPool.<init>(HikariPool.java:100)
	at com.zaxxer.hikari.HikariDataSource.getConnection(HikariDataSource.java:112)
	at org.hibernate.engine.jdbc.connections.internal.DatasourceConnectionProviderImpl.getConnection(DatasourceConnectionProviderImpl.java:122)
	at org.hibernate.engine.jdbc.env.internal.JdbcEnvironmentInitiator$ConnectionProviderJdbcConnectionAccess.obtainConnection(JdbcEnvironmentInitiator.java:428)
	at org.hibernate.resource.transaction.backend.jdbc.internal.DdlTransactionIsolatorNonJtaImpl.getIsolatedConnection(DdlTransactionIsolatorNonJtaImpl.java:46)
	at org.hibernate.resource.transaction.backend.jdbc.internal.DdlTransactionIsolatorNonJtaImpl.getIsolatedConnection(DdlTransactionIsolatorNonJtaImpl.java:39)
	at org.hibernate.tool.schema.internal.exec.ImprovedExtractionContextImpl.getJdbcConnection(ImprovedExtractionContextImpl.java:63)
	at org.hibernate.tool.schema.extract.spi.ExtractionContext.getQueryResults(ExtractionContext.java:43)
	at org.hibernate.tool.schema.extract.internal.SequenceInformationExtractorLegacyImpl.extractMetadata(SequenceInformationExtractorLegacyImpl.java:39)
	at org.hibernate.tool.schema.extract.internal.DatabaseInformationImpl.initializeSequences(DatabaseInformationImpl.java:66)
	at org.hibernate.tool.schema.extract.internal.DatabaseInformationImpl.<init>(DatabaseInformationImpl.java:60)
	at org.hibernate.tool.schema.internal.Helper.buildDatabaseInformation(Helper.java:185)
	at org.hibernate.tool.schema.internal.AbstractSchemaMigrator.doMigration(AbstractSchemaMigrator.java:98)
	at org.hibernate.tool.schema.spi.SchemaManagementToolCoordinator.performDatabaseAction(SchemaManagementToolCoordinator.java:286)
	at org.hibernate.tool.schema.spi.SchemaManagementToolCoordinator.lambda$process$5(SchemaManagementToolCoordinator.java:145)
	at java.base/java.util.HashMap.forEach(HashMap.java:1421)
	at org.hibernate.tool.schema.spi.SchemaManagementToolCoordinator.process(SchemaManagementToolCoordinator.java:142)
	at org.hibernate.boot.internal.SessionFactoryObserverForSchemaExport.sessionFactoryCreated(SessionFactoryObserverForSchemaExport.java:37)
	at org.hibernate.internal.SessionFactoryObserverChain.sessionFactoryCreated(SessionFactoryObserverChain.java:35)
	at org.hibernate.internal.SessionFactoryImpl.<init>(SessionFactoryImpl.java:315)
	at org.hibernate.boot.internal.SessionFactoryBuilderImpl.build(SessionFactoryBuilderImpl.java:450)
	at org.hibernate.jpa.boot.internal.EntityManagerFactoryBuilderImpl.build(EntityManagerFactoryBuilderImpl.java:1507)
	at org.springframework.orm.jpa.vendor.SpringHibernateJpaPersistenceProvider.createContainerEntityManagerFactory(SpringHibernateJpaPersistenceProvider.java:75)
	at org.springframework.orm.jpa.LocalContainerEntityManagerFactoryBean.createNativeEntityManagerFactory(LocalContainerEntityManagerFactoryBean.java:388)
	at org.springframework.orm.jpa.AbstractEntityManagerFactoryBean.buildNativeEntityManagerFactory(AbstractEntityManagerFactoryBean.java:409)
	at org.springframework.orm.jpa.AbstractEntityManagerFactoryBean.afterPropertiesSet(AbstractEntityManagerFactoryBean.java:396)
	at org.springframework.orm.jpa.LocalContainerEntityManagerFactoryBean.afterPropertiesSet(LocalContainerEntityManagerFactoryBean.java:364)
	at org.springframework.beans.factory.support.AbstractAutowireCapableBeanFactory.invokeInitMethods(AbstractAutowireCapableBeanFactory.java:1833)
	at org.springframework.beans.factory.support.AbstractAutowireCapableBeanFactory.initializeBean(AbstractAutowireCapableBeanFactory.java:1782)
	at org.springframework.beans.factory.support.AbstractAutowireCapableBeanFactory.doCreateBean(AbstractAutowireCapableBeanFactory.java:600)
	at org.springframework.beans.factory.support.AbstractAutowireCapableBeanFactory.createBean(AbstractAutowireCapableBeanFactory.java:522)
	at org.springframework.beans.factory.support.AbstractBeanFactory.lambda$doGetBean$0(AbstractBeanFactory.java:325)
	at org.springframework.beans.factory.support.DefaultSingletonBeanRegistry.getSingleton(DefaultSingletonBeanRegistry.java:234)
	at org.springframework.beans.factory.support.AbstractBeanFactory.doGetBean(AbstractBeanFactory.java:323)
	at org.springframework.beans.factory.support.AbstractBeanFactory.getBean(AbstractBeanFactory.java:199)
	at org.springframework.context.support.AbstractApplicationContext.getBean(AbstractApplicationContext.java:1231)
	at org.springframework.context.support.AbstractApplicationContext.finishBeanFactoryInitialization(AbstractApplicationContext.java:949)
	at org.springframework.context.support.AbstractApplicationContext.refresh(AbstractApplicationContext.java:624)
	at org.springframework.boot.web.servlet.context.ServletWebServerApplicationContext.refresh(ServletWebServerApplicationContext.java:146)
	at org.springframework.boot.SpringApplication.refresh(SpringApplication.java:754)
	at org.springframework.boot.SpringApplication.refreshContext(SpringApplication.java:456)
	at org.springframework.boot.SpringApplication.run(SpringApplication.java:334)
	at org.springframework.boot.SpringApplication.run(SpringApplication.java:1354)
	at org.springframework.boot.SpringApplication.run(SpringApplication.java:1343)
	at org.example.WalkbgApplicationKt.main(WalkbgApplication.kt:22)
Caused by: org.h2.mvstore.MVStoreException: The file is locked: /Users/sunyongji/Develop/AI/walkbg/data/walkbgdb.mv.db [2.2.224/7]
	at org.h2.mvstore.DataUtils.newMVStoreException(DataUtils.java:996)
	at org.h2.mvstore.SingleFileStore.lockFileChannel(SingleFileStore.java:143)
	at org.h2.mvstore.SingleFileStore.open(SingleFileStore.java:117)
	at org.h2.mvstore.SingleFileStore.open(SingleFileStore.java:81)
	at org.h2.mvstore.MVStore.<init>(MVStore.java:286)
	at org.h2.mvstore.MVStore$Builder.open(MVStore.java:2035)
	at org.h2.mvstore.db.Store.<init>(Store.java:133)
	... 57 common frames omitted
2025-06-19 00:08:26 [main] WARN  o.h.e.jdbc.spi.SqlExceptionHelper - SQL Error: 90020, SQLState: 90020
2025-06-19 00:08:26 [main] ERROR o.h.e.jdbc.spi.SqlExceptionHelper - Database may be already in use: "/Users/sunyongji/Develop/AI/walkbg/data/walkbgdb.mv.db". Possible solutions: close all other connection(s); use the server mode [90020-224]
2025-06-19 00:08:26 [main] ERROR o.s.o.j.LocalContainerEntityManagerFactoryBean - Failed to initialize JPA EntityManagerFactory: [PersistenceUnit: default] Unable to build Hibernate SessionFactory; nested exception is org.hibernate.exception.JDBCConnectionException: Unable to open JDBC Connection for DDL execution [Database may be already in use: "/Users/sunyongji/Develop/AI/walkbg/data/walkbgdb.mv.db". Possible solutions: close all other connection(s); use the server mode [90020-224]] [n/a]
2025-06-19 00:08:26 [main] WARN  o.s.b.w.s.c.AnnotationConfigServletWebServerApplicationContext - Exception encountered during context initialization - cancelling refresh attempt: org.springframework.beans.factory.BeanCreationException: Error creating bean with name 'entityManagerFactory' defined in class path resource [org/springframework/boot/autoconfigure/orm/jpa/HibernateJpaConfiguration.class]: [PersistenceUnit: default] Unable to build Hibernate SessionFactory; nested exception is org.hibernate.exception.JDBCConnectionException: Unable to open JDBC Connection for DDL execution [Database may be already in use: "/Users/sunyongji/Develop/AI/walkbg/data/walkbgdb.mv.db". Possible solutions: close all other connection(s); use the server mode [90020-224]] [n/a]
2025-06-19 00:08:26 [main] INFO  o.a.catalina.core.StandardService - Stopping service [Tomcat]
2025-06-19 00:08:26 [main] INFO  o.s.b.a.l.ConditionEvaluationReportLogger - 

Error starting ApplicationContext. To display the condition evaluation report re-run your application with 'debug' enabled.
2025-06-19 00:08:26 [main] ERROR o.s.boot.SpringApplication - Application run failed
org.springframework.beans.factory.BeanCreationException: Error creating bean with name 'entityManagerFactory' defined in class path resource [org/springframework/boot/autoconfigure/orm/jpa/HibernateJpaConfiguration.class]: [PersistenceUnit: default] Unable to build Hibernate SessionFactory; nested exception is org.hibernate.exception.JDBCConnectionException: Unable to open JDBC Connection for DDL execution [Database may be already in use: "/Users/sunyongji/Develop/AI/walkbg/data/walkbgdb.mv.db". Possible solutions: close all other connection(s); use the server mode [90020-224]] [n/a]
	at org.springframework.beans.factory.support.AbstractAutowireCapableBeanFactory.initializeBean(AbstractAutowireCapableBeanFactory.java:1786)
	at org.springframework.beans.factory.support.AbstractAutowireCapableBeanFactory.doCreateBean(AbstractAutowireCapableBeanFactory.java:600)
	at org.springframework.beans.factory.support.AbstractAutowireCapableBeanFactory.createBean(AbstractAutowireCapableBeanFactory.java:522)
	at org.springframework.beans.factory.support.AbstractBeanFactory.lambda$doGetBean$0(AbstractBeanFactory.java:325)
	at org.springframework.beans.factory.support.DefaultSingletonBeanRegistry.getSingleton(DefaultSingletonBeanRegistry.java:234)
	at org.springframework.beans.factory.support.AbstractBeanFactory.doGetBean(AbstractBeanFactory.java:323)
	at org.springframework.beans.factory.support.AbstractBeanFactory.getBean(AbstractBeanFactory.java:199)
	at org.springframework.context.support.AbstractApplicationContext.getBean(AbstractApplicationContext.java:1231)
	at org.springframework.context.support.AbstractApplicationContext.finishBeanFactoryInitialization(AbstractApplicationContext.java:949)
	at org.springframework.context.support.AbstractApplicationContext.refresh(AbstractApplicationContext.java:624)
	at org.springframework.boot.web.servlet.context.ServletWebServerApplicationContext.refresh(ServletWebServerApplicationContext.java:146)
	at org.springframework.boot.SpringApplication.refresh(SpringApplication.java:754)
	at org.springframework.boot.SpringApplication.refreshContext(SpringApplication.java:456)
	at org.springframework.boot.SpringApplication.run(SpringApplication.java:334)
	at org.springframework.boot.SpringApplication.run(SpringApplication.java:1354)
	at org.springframework.boot.SpringApplication.run(SpringApplication.java:1343)
	at org.example.WalkbgApplicationKt.main(WalkbgApplication.kt:22)
Caused by: jakarta.persistence.PersistenceException: [PersistenceUnit: default] Unable to build Hibernate SessionFactory; nested exception is org.hibernate.exception.JDBCConnectionException: Unable to open JDBC Connection for DDL execution [Database may be already in use: "/Users/sunyongji/Develop/AI/walkbg/data/walkbgdb.mv.db". Possible solutions: close all other connection(s); use the server mode [90020-224]] [n/a]
	at org.springframework.orm.jpa.AbstractEntityManagerFactoryBean.buildNativeEntityManagerFactory(AbstractEntityManagerFactoryBean.java:421)
	at org.springframework.orm.jpa.AbstractEntityManagerFactoryBean.afterPropertiesSet(AbstractEntityManagerFactoryBean.java:396)
	at org.springframework.orm.jpa.LocalContainerEntityManagerFactoryBean.afterPropertiesSet(LocalContainerEntityManagerFactoryBean.java:364)
	at org.springframework.beans.factory.support.AbstractAutowireCapableBeanFactory.invokeInitMethods(AbstractAutowireCapableBeanFactory.java:1833)
	at org.springframework.beans.factory.support.AbstractAutowireCapableBeanFactory.initializeBean(AbstractAutowireCapableBeanFactory.java:1782)
	... 16 common frames omitted
Caused by: org.hibernate.exception.JDBCConnectionException: Unable to open JDBC Connection for DDL execution [Database may be already in use: "/Users/sunyongji/Develop/AI/walkbg/data/walkbgdb.mv.db". Possible solutions: close all other connection(s); use the server mode [90020-224]] [n/a]
	at org.hibernate.exception.internal.SQLExceptionTypeDelegate.convert(SQLExceptionTypeDelegate.java:51)
	at org.hibernate.exception.internal.StandardSQLExceptionConverter.convert(StandardSQLExceptionConverter.java:58)
	at org.hibernate.engine.jdbc.spi.SqlExceptionHelper.convert(SqlExceptionHelper.java:108)
	at org.hibernate.engine.jdbc.spi.SqlExceptionHelper.convert(SqlExceptionHelper.java:94)
	at org.hibernate.resource.transaction.backend.jdbc.internal.DdlTransactionIsolatorNonJtaImpl.getIsolatedConnection(DdlTransactionIsolatorNonJtaImpl.java:74)
	at org.hibernate.resource.transaction.backend.jdbc.internal.DdlTransactionIsolatorNonJtaImpl.getIsolatedConnection(DdlTransactionIsolatorNonJtaImpl.java:39)
	at org.hibernate.tool.schema.internal.exec.ImprovedExtractionContextImpl.getJdbcConnection(ImprovedExtractionContextImpl.java:63)
	at org.hibernate.tool.schema.extract.spi.ExtractionContext.getQueryResults(ExtractionContext.java:43)
	at org.hibernate.tool.schema.extract.internal.SequenceInformationExtractorLegacyImpl.extractMetadata(SequenceInformationExtractorLegacyImpl.java:39)
	at org.hibernate.tool.schema.extract.internal.DatabaseInformationImpl.initializeSequences(DatabaseInformationImpl.java:66)
	at org.hibernate.tool.schema.extract.internal.DatabaseInformationImpl.<init>(DatabaseInformationImpl.java:60)
	at org.hibernate.tool.schema.internal.Helper.buildDatabaseInformation(Helper.java:185)
	at org.hibernate.tool.schema.internal.AbstractSchemaMigrator.doMigration(AbstractSchemaMigrator.java:98)
	at org.hibernate.tool.schema.spi.SchemaManagementToolCoordinator.performDatabaseAction(SchemaManagementToolCoordinator.java:286)
	at org.hibernate.tool.schema.spi.SchemaManagementToolCoordinator.lambda$process$5(SchemaManagementToolCoordinator.java:145)
	at java.base/java.util.HashMap.forEach(HashMap.java:1421)
	at org.hibernate.tool.schema.spi.SchemaManagementToolCoordinator.process(SchemaManagementToolCoordinator.java:142)
	at org.hibernate.boot.internal.SessionFactoryObserverForSchemaExport.sessionFactoryCreated(SessionFactoryObserverForSchemaExport.java:37)
	at org.hibernate.internal.SessionFactoryObserverChain.sessionFactoryCreated(SessionFactoryObserverChain.java:35)
	at org.hibernate.internal.SessionFactoryImpl.<init>(SessionFactoryImpl.java:315)
	at org.hibernate.boot.internal.SessionFactoryBuilderImpl.build(SessionFactoryBuilderImpl.java:450)
	at org.hibernate.jpa.boot.internal.EntityManagerFactoryBuilderImpl.build(EntityManagerFactoryBuilderImpl.java:1507)
	at org.springframework.orm.jpa.vendor.SpringHibernateJpaPersistenceProvider.createContainerEntityManagerFactory(SpringHibernateJpaPersistenceProvider.java:75)
	at org.springframework.orm.jpa.LocalContainerEntityManagerFactoryBean.createNativeEntityManagerFactory(LocalContainerEntityManagerFactoryBean.java:388)
	at org.springframework.orm.jpa.AbstractEntityManagerFactoryBean.buildNativeEntityManagerFactory(AbstractEntityManagerFactoryBean.java:409)
	... 20 common frames omitted
Caused by: org.h2.jdbc.JdbcSQLNonTransientConnectionException: Database may be already in use: "/Users/sunyongji/Develop/AI/walkbg/data/walkbgdb.mv.db". Possible solutions: close all other connection(s); use the server mode [90020-224]
	at org.h2.message.DbException.getJdbcSQLException(DbException.java:690)
	at org.h2.message.DbException.getJdbcSQLException(DbException.java:489)
	at org.h2.message.DbException.get(DbException.java:212)
	at org.h2.mvstore.db.Store.convertMVStoreException(Store.java:165)
	at org.h2.mvstore.db.Store.<init>(Store.java:142)
	at org.h2.engine.Database.<init>(Database.java:326)
	at org.h2.engine.Engine.openSession(Engine.java:92)
	at org.h2.engine.Engine.openSession(Engine.java:222)
	at org.h2.engine.Engine.createSession(Engine.java:201)
	at org.h2.engine.SessionRemote.connectEmbeddedOrServer(SessionRemote.java:343)
	at org.h2.jdbc.JdbcConnection.<init>(JdbcConnection.java:125)
	at org.h2.Driver.connect(Driver.java:59)
	at com.zaxxer.hikari.util.DriverDataSource.getConnection(DriverDataSource.java:138)
	at com.zaxxer.hikari.pool.PoolBase.newConnection(PoolBase.java:359)
	at com.zaxxer.hikari.pool.PoolBase.newPoolEntry(PoolBase.java:201)
	at com.zaxxer.hikari.pool.HikariPool.createPoolEntry(HikariPool.java:470)
	at com.zaxxer.hikari.pool.HikariPool.checkFailFast(HikariPool.java:561)
	at com.zaxxer.hikari.pool.HikariPool.<init>(HikariPool.java:100)
	at com.zaxxer.hikari.HikariDataSource.getConnection(HikariDataSource.java:112)
	at org.hibernate.engine.jdbc.connections.internal.DatasourceConnectionProviderImpl.getConnection(DatasourceConnectionProviderImpl.java:122)
	at org.hibernate.engine.jdbc.env.internal.JdbcEnvironmentInitiator$ConnectionProviderJdbcConnectionAccess.obtainConnection(JdbcEnvironmentInitiator.java:428)
	at org.hibernate.resource.transaction.backend.jdbc.internal.DdlTransactionIsolatorNonJtaImpl.getIsolatedConnection(DdlTransactionIsolatorNonJtaImpl.java:46)
	... 40 common frames omitted
Caused by: org.h2.mvstore.MVStoreException: The file is locked: /Users/sunyongji/Develop/AI/walkbg/data/walkbgdb.mv.db [2.2.224/7]
	at org.h2.mvstore.DataUtils.newMVStoreException(DataUtils.java:996)
	at org.h2.mvstore.SingleFileStore.lockFileChannel(SingleFileStore.java:143)
	at org.h2.mvstore.SingleFileStore.open(SingleFileStore.java:117)
	at org.h2.mvstore.SingleFileStore.open(SingleFileStore.java:81)
	at org.h2.mvstore.MVStore.<init>(MVStore.java:286)
	at org.h2.mvstore.MVStore$Builder.open(MVStore.java:2035)
	at org.h2.mvstore.db.Store.<init>(Store.java:133)
	... 57 common frames omitted
2025-06-19 00:12:58 [SpringApplicationShutdownHook] INFO  o.s.o.j.LocalContainerEntityManagerFactoryBean - Closing JPA EntityManagerFactory for persistence unit 'default'
2025-06-19 00:12:58 [SpringApplicationShutdownHook] INFO  com.zaxxer.hikari.HikariDataSource - HikariPool-1 - Shutdown initiated...
2025-06-19 00:12:58 [SpringApplicationShutdownHook] INFO  com.zaxxer.hikari.HikariDataSource - HikariPool-1 - Shutdown completed.
2025-06-19 00:13:53 [main] INFO  org.example.WalkbgApplicationKt - Starting WalkbgApplicationKt using Java 17.0.12 with PID 74960 (/Users/sunyongji/Develop/AI/walkbg/target/classes started by sunyongji in /Users/sunyongji/Develop/AI/walkbg)
2025-06-19 00:13:53 [main] DEBUG org.example.WalkbgApplicationKt - Running with Spring Boot v3.2.3, Spring v6.1.4
2025-06-19 00:13:53 [main] INFO  org.example.WalkbgApplicationKt - No active profile set, falling back to 1 default profile: "default"
2025-06-19 00:13:54 [main] INFO  o.s.d.r.c.RepositoryConfigurationDelegate - Bootstrapping Spring Data JPA repositories in DEFAULT mode.
2025-06-19 00:13:54 [main] INFO  o.s.d.r.c.RepositoryConfigurationDelegate - Finished Spring Data repository scanning in 3 ms. Found 0 JPA repository interfaces.
2025-06-19 00:13:54 [main] INFO  o.s.d.r.c.RepositoryConfigurationDelegate - Bootstrapping Spring Data JPA repositories in DEFAULT mode.
2025-06-19 00:13:54 [main] INFO  o.s.d.r.c.RepositoryConfigurationDelegate - Finished Spring Data repository scanning in 210 ms. Found 28 JPA repository interfaces.
2025-06-19 00:13:56 [main] INFO  o.s.b.w.e.tomcat.TomcatWebServer - Tomcat initialized with port 8080 (http)
2025-06-19 00:13:56 [main] INFO  o.a.catalina.core.StandardService - Starting service [Tomcat]
2025-06-19 00:13:56 [main] INFO  o.a.catalina.core.StandardEngine - Starting Servlet engine: [Apache Tomcat/10.1.19]
2025-06-19 00:13:56 [main] INFO  o.a.c.c.C.[.[localhost].[/walkbg] - Initializing Spring embedded WebApplicationContext
2025-06-19 00:13:56 [main] INFO  o.s.b.w.s.c.ServletWebServerApplicationContext - Root WebApplicationContext: initialization completed in 2892 ms
2025-06-19 00:13:56 [main] INFO  com.zaxxer.hikari.HikariDataSource - HikariPool-1 - Starting...
2025-06-19 00:13:56 [main] INFO  com.zaxxer.hikari.pool.HikariPool - HikariPool-1 - Added connection conn0: url=jdbc:h2:file:./data/walkbgdb user=SA
2025-06-19 00:13:56 [main] INFO  com.zaxxer.hikari.HikariDataSource - HikariPool-1 - Start completed.
2025-06-19 00:13:56 [main] INFO  o.s.b.a.h.H2ConsoleAutoConfiguration - H2 console available at '/h2-console'. Database available at 'jdbc:h2:file:./data/walkbgdb'
2025-06-19 00:13:57 [main] INFO  o.h.jpa.internal.util.LogHelper - HHH000204: Processing PersistenceUnitInfo [name: default]
2025-06-19 00:13:57 [main] INFO  org.hibernate.Version - HHH000412: Hibernate ORM core version 6.4.4.Final
2025-06-19 00:13:57 [main] INFO  o.h.c.i.RegionFactoryInitiator - HHH000026: Second-level cache disabled
2025-06-19 00:13:57 [main] INFO  o.s.o.j.p.SpringPersistenceUnitInfo - No LoadTimeWeaver setup: ignoring JPA class transformer
2025-06-19 00:13:57 [main] WARN  org.hibernate.orm.deprecation - HHH90000025: H2Dialect does not need to be specified explicitly using 'hibernate.dialect' (remove the property setting and it will be selected by default)
2025-06-19 00:13:59 [main] INFO  o.h.e.t.j.p.i.JtaPlatformInitiator - HHH000489: No JTA platform available (set 'hibernate.transaction.jta.platform' to enable JTA platform integration)
2025-06-19 00:13:59 [main] DEBUG org.hibernate.SQL - 
    alter table if exists route_tags 
       drop constraint if exists UKthonw6fmo6wbp72fkdc84tamx
2025-06-19 00:13:59 [main] DEBUG org.hibernate.SQL - 
    alter table if exists route_tags 
       add constraint UKthonw6fmo6wbp72fkdc84tamx unique (route_id, tag)
2025-06-19 00:13:59 [main] DEBUG org.hibernate.SQL - 
    alter table if exists user_favorite_routes 
       drop constraint if exists UKdi22hs7q68ugsjbbp952iorqh
2025-06-19 00:13:59 [main] DEBUG org.hibernate.SQL - 
    alter table if exists user_favorite_routes 
       add constraint UKdi22hs7q68ugsjbbp952iorqh unique (user_id, route_id)
2025-06-19 00:13:59 [main] DEBUG org.hibernate.SQL - 
    alter table if exists users 
       drop constraint if exists idx_users_email
2025-06-19 00:13:59 [main] DEBUG org.hibernate.SQL - 
    alter table if exists users 
       add constraint idx_users_email unique (email)
2025-06-19 00:13:59 [main] DEBUG org.hibernate.SQL - 
    alter table if exists users 
       drop constraint if exists idx_users_username
2025-06-19 00:13:59 [main] DEBUG org.hibernate.SQL - 
    alter table if exists users 
       add constraint idx_users_username unique (username)
2025-06-19 00:13:59 [main] INFO  o.s.o.j.LocalContainerEntityManagerFactoryBean - Initialized JPA EntityManagerFactory for persistence unit 'default'
2025-06-19 00:14:01 [main] INFO  o.s.d.j.r.query.QueryEnhancerFactory - Hibernate is in classpath; If applicable, HQL parser will be used.
2025-06-19 00:14:04 [main] INFO  o.s.b.a.e.web.EndpointLinksResolver - Exposing 4 endpoint(s) beneath base path '/actuator'
2025-06-19 00:14:04 [main] WARN  o.s.b.a.o.j.JpaBaseConfiguration$JpaWebConfiguration - spring.jpa.open-in-view is enabled by default. Therefore, database queries may be performed during view rendering. Explicitly configure spring.jpa.open-in-view to disable this warning
2025-06-19 00:14:05 [main] INFO  o.s.b.w.e.tomcat.TomcatWebServer - Tomcat started on port 8080 (http) with context path '/walkbg'
2025-06-19 00:14:05 [main] INFO  org.example.WalkbgApplicationKt - Started WalkbgApplicationKt in 12.596 seconds (process running for 13.034)
2025-06-19 00:15:26 [http-nio-8080-exec-10] INFO  o.a.c.c.C.[.[localhost].[/walkbg] - Initializing Spring DispatcherServlet 'dispatcherServlet'
2025-06-19 00:15:26 [http-nio-8080-exec-10] INFO  o.s.web.servlet.DispatcherServlet - Initializing Servlet 'dispatcherServlet'
2025-06-19 00:15:26 [http-nio-8080-exec-10] INFO  o.s.web.servlet.DispatcherServlet - Completed initialization in 5 ms
2025-06-19 00:15:26 [http-nio-8080-exec-3] WARN  o.s.web.servlet.PageNotFound - No mapping for OPTIONS /walkbg/api/user/profile
2025-06-19 00:15:26 [http-nio-8080-exec-3] ERROR o.e.config.GlobalExceptionHandler - 未处理的异常: 
org.springframework.web.servlet.NoHandlerFoundException: No endpoint OPTIONS /walkbg/api/user/profile.
	at org.springframework.web.servlet.DispatcherServlet.noHandlerFound(DispatcherServlet.java:1304)
	at org.springframework.web.servlet.DispatcherServlet.doDispatch(DispatcherServlet.java:1067)
	at org.springframework.web.servlet.DispatcherServlet.doService(DispatcherServlet.java:979)
	at org.springframework.web.servlet.FrameworkServlet.processRequest(FrameworkServlet.java:1014)
	at org.springframework.web.servlet.FrameworkServlet.doOptions(FrameworkServlet.java:950)
	at jakarta.servlet.http.HttpServlet.service(HttpServlet.java:599)
	at org.springframework.web.servlet.FrameworkServlet.service(FrameworkServlet.java:885)
	at jakarta.servlet.http.HttpServlet.service(HttpServlet.java:658)
	at org.apache.catalina.core.ApplicationFilterChain.internalDoFilter(ApplicationFilterChain.java:205)
	at org.apache.catalina.core.ApplicationFilterChain.doFilter(ApplicationFilterChain.java:149)
	at org.apache.tomcat.websocket.server.WsFilter.doFilter(WsFilter.java:51)
	at org.apache.catalina.core.ApplicationFilterChain.internalDoFilter(ApplicationFilterChain.java:174)
	at org.apache.catalina.core.ApplicationFilterChain.doFilter(ApplicationFilterChain.java:149)
	at org.springframework.web.filter.ServerHttpObservationFilter.doFilterInternal(ServerHttpObservationFilter.java:109)
	at org.springframework.web.filter.OncePerRequestFilter.doFilter(OncePerRequestFilter.java:116)
	at org.apache.catalina.core.ApplicationFilterChain.internalDoFilter(ApplicationFilterChain.java:174)
	at org.apache.catalina.core.ApplicationFilterChain.doFilter(ApplicationFilterChain.java:149)
	at org.springframework.web.filter.CharacterEncodingFilter.doFilterInternal(CharacterEncodingFilter.java:201)
	at org.springframework.web.filter.OncePerRequestFilter.doFilter(OncePerRequestFilter.java:116)
	at org.apache.catalina.core.ApplicationFilterChain.internalDoFilter(ApplicationFilterChain.java:174)
	at org.apache.catalina.core.ApplicationFilterChain.doFilter(ApplicationFilterChain.java:149)
	at org.apache.catalina.core.StandardWrapperValve.invoke(StandardWrapperValve.java:167)
	at org.apache.catalina.core.StandardContextValve.invoke(StandardContextValve.java:90)
	at org.apache.catalina.authenticator.AuthenticatorBase.invoke(AuthenticatorBase.java:482)
	at org.apache.catalina.core.StandardHostValve.invoke(StandardHostValve.java:115)
	at org.apache.catalina.valves.ErrorReportValve.invoke(ErrorReportValve.java:93)
	at org.apache.catalina.core.StandardEngineValve.invoke(StandardEngineValve.java:74)
	at org.apache.catalina.connector.CoyoteAdapter.service(CoyoteAdapter.java:344)
	at org.apache.coyote.http11.Http11Processor.service(Http11Processor.java:391)
	at org.apache.coyote.AbstractProcessorLight.process(AbstractProcessorLight.java:63)
	at org.apache.coyote.AbstractProtocol$ConnectionHandler.process(AbstractProtocol.java:896)
	at org.apache.tomcat.util.net.NioEndpoint$SocketProcessor.doRun(NioEndpoint.java:1744)
	at org.apache.tomcat.util.net.SocketProcessorBase.run(SocketProcessorBase.java:52)
	at org.apache.tomcat.util.threads.ThreadPoolExecutor.runWorker(ThreadPoolExecutor.java:1191)
	at org.apache.tomcat.util.threads.ThreadPoolExecutor$Worker.run(ThreadPoolExecutor.java:659)
	at org.apache.tomcat.util.threads.TaskThread$WrappingRunnable.run(TaskThread.java:63)
	at java.base/java.lang.Thread.run(Thread.java:840)
2025-06-19 00:15:26 [http-nio-8080-exec-10] DEBUG org.hibernate.SQL - 
    select
        distinct r1_0.id,
        r1_0.cover_url,
        r1_0.created_at,
        r1_0.created_by,
        r1_0.default_map_id,
        r1_0.description,
        r1_0.difficulty,
        r1_0.image_urls,
        r1_0.is_favorite,
        r1_0.is_loop,
        r1_0.name,
        r1_0.popularity,
        r1_0.region,
        r1_0.region_id,
        r1_0.route_type,
        r1_0.status,
        r1_0.updated_at,
        r1_0.usage_count 
    from
        routes r1_0 
    left join
        route_tags t1_0 
            on r1_0.id=t1_0.route_id 
    where
        (
            ? is null 
            or lower(r1_0.name) like lower(('%'||?||'%')) escape '' 
            or lower(r1_0.description) like lower(('%'||?||'%')) escape ''
        ) 
        and (
            ? is null 
            or r1_0.region=?
        ) 
        and (
            ? is null 
            or r1_0.difficulty=?
        ) 
        and (
            ? is null 
            or r1_0.route_type=?
        ) 
        and (
            ? is null 
            or r1_0.status=?
        ) 
        and (
            ? is null 
            or t1_0.tag=?
        ) 
    offset
        ? rows 
    fetch
        first ? rows only
2025-06-19 00:15:26 [http-nio-8080-exec-10] DEBUG org.hibernate.SQL - 
    select
        rr1_0.id,
        rr1_0.difficulty,
        rr1_0.experience,
        rr1_0.facilities,
        rr1_0.overall,
        rr1_0.rating_count,
        rr1_0.route_id,
        rr1_0.scenery 
    from
        route_ratings rr1_0 
    where
        rr1_0.route_id=?
2025-06-19 00:15:26 [http-nio-8080-exec-10] DEBUG org.hibernate.SQL - 
    select
        rw1_0.id,
        rw1_0.best_seasons,
        rw1_0.description,
        rw1_0.precautions,
        rw1_0.route_id 
    from
        route_weather rw1_0 
    where
        rw1_0.route_id=?
2025-06-19 00:15:26 [http-nio-8080-exec-10] DEBUG org.hibernate.SQL - 
    select
        rr1_0.id,
        rr1_0.difficulty,
        rr1_0.experience,
        rr1_0.facilities,
        rr1_0.overall,
        rr1_0.rating_count,
        rr1_0.route_id,
        rr1_0.scenery 
    from
        route_ratings rr1_0 
    where
        rr1_0.route_id=?
2025-06-19 00:15:27 [http-nio-8080-exec-10] DEBUG org.hibernate.SQL - 
    select
        rw1_0.id,
        rw1_0.best_seasons,
        rw1_0.description,
        rw1_0.precautions,
        rw1_0.route_id 
    from
        route_weather rw1_0 
    where
        rw1_0.route_id=?
2025-06-19 00:15:27 [http-nio-8080-exec-10] DEBUG org.hibernate.SQL - 
    select
        rmd1_0.id,
        rmd1_0.altitude,
        rmd1_0.completion_count,
        rmd1_0.created_at,
        rmd1_0.distance,
        rmd1_0.duration,
        rmd1_0.elevation_gain,
        rmd1_0.elevation_loss,
        rmd1_0.favorite_count,
        rmd1_0.latitude,
        rmd1_0.longitude,
        rmd1_0.trip_count,
        rmd1_0.updated_at 
    from
        route_map_data rmd1_0 
    where
        rmd1_0.id=?
2025-06-19 00:15:27 [http-nio-8080-exec-10] DEBUG org.hibernate.SQL - 
    select
        rmd1_0.id,
        rmd1_0.altitude,
        rmd1_0.completion_count,
        rmd1_0.created_at,
        rmd1_0.distance,
        rmd1_0.duration,
        rmd1_0.elevation_gain,
        rmd1_0.elevation_loss,
        rmd1_0.favorite_count,
        rmd1_0.latitude,
        rmd1_0.longitude,
        rmd1_0.trip_count,
        rmd1_0.updated_at 
    from
        route_map_data rmd1_0 
    where
        rmd1_0.id=?
2025-06-19 00:15:36 [http-nio-8080-exec-2] WARN  o.s.web.servlet.PageNotFound - No mapping for OPTIONS /walkbg/api/user/stats
2025-06-19 00:15:36 [http-nio-8080-exec-4] WARN  o.s.web.servlet.PageNotFound - No mapping for OPTIONS /walkbg/api/user/profile
2025-06-19 00:15:36 [http-nio-8080-exec-4] ERROR o.e.config.GlobalExceptionHandler - 未处理的异常: 
org.springframework.web.servlet.NoHandlerFoundException: No endpoint OPTIONS /walkbg/api/user/profile.
	at org.springframework.web.servlet.DispatcherServlet.noHandlerFound(DispatcherServlet.java:1304)
	at org.springframework.web.servlet.DispatcherServlet.doDispatch(DispatcherServlet.java:1067)
	at org.springframework.web.servlet.DispatcherServlet.doService(DispatcherServlet.java:979)
	at org.springframework.web.servlet.FrameworkServlet.processRequest(FrameworkServlet.java:1014)
	at org.springframework.web.servlet.FrameworkServlet.doOptions(FrameworkServlet.java:950)
	at jakarta.servlet.http.HttpServlet.service(HttpServlet.java:599)
	at org.springframework.web.servlet.FrameworkServlet.service(FrameworkServlet.java:885)
	at jakarta.servlet.http.HttpServlet.service(HttpServlet.java:658)
	at org.apache.catalina.core.ApplicationFilterChain.internalDoFilter(ApplicationFilterChain.java:205)
	at org.apache.catalina.core.ApplicationFilterChain.doFilter(ApplicationFilterChain.java:149)
	at org.apache.tomcat.websocket.server.WsFilter.doFilter(WsFilter.java:51)
	at org.apache.catalina.core.ApplicationFilterChain.internalDoFilter(ApplicationFilterChain.java:174)
	at org.apache.catalina.core.ApplicationFilterChain.doFilter(ApplicationFilterChain.java:149)
	at org.springframework.web.filter.ServerHttpObservationFilter.doFilterInternal(ServerHttpObservationFilter.java:109)
	at org.springframework.web.filter.OncePerRequestFilter.doFilter(OncePerRequestFilter.java:116)
	at org.apache.catalina.core.ApplicationFilterChain.internalDoFilter(ApplicationFilterChain.java:174)
	at org.apache.catalina.core.ApplicationFilterChain.doFilter(ApplicationFilterChain.java:149)
	at org.springframework.web.filter.CharacterEncodingFilter.doFilterInternal(CharacterEncodingFilter.java:201)
	at org.springframework.web.filter.OncePerRequestFilter.doFilter(OncePerRequestFilter.java:116)
	at org.apache.catalina.core.ApplicationFilterChain.internalDoFilter(ApplicationFilterChain.java:174)
	at org.apache.catalina.core.ApplicationFilterChain.doFilter(ApplicationFilterChain.java:149)
	at org.apache.catalina.core.StandardWrapperValve.invoke(StandardWrapperValve.java:167)
	at org.apache.catalina.core.StandardContextValve.invoke(StandardContextValve.java:90)
	at org.apache.catalina.authenticator.AuthenticatorBase.invoke(AuthenticatorBase.java:482)
	at org.apache.catalina.core.StandardHostValve.invoke(StandardHostValve.java:115)
	at org.apache.catalina.valves.ErrorReportValve.invoke(ErrorReportValve.java:93)
	at org.apache.catalina.core.StandardEngineValve.invoke(StandardEngineValve.java:74)
	at org.apache.catalina.connector.CoyoteAdapter.service(CoyoteAdapter.java:344)
	at org.apache.coyote.http11.Http11Processor.service(Http11Processor.java:391)
	at org.apache.coyote.AbstractProcessorLight.process(AbstractProcessorLight.java:63)
	at org.apache.coyote.AbstractProtocol$ConnectionHandler.process(AbstractProtocol.java:896)
	at org.apache.tomcat.util.net.NioEndpoint$SocketProcessor.doRun(NioEndpoint.java:1744)
	at org.apache.tomcat.util.net.SocketProcessorBase.run(SocketProcessorBase.java:52)
	at org.apache.tomcat.util.threads.ThreadPoolExecutor.runWorker(ThreadPoolExecutor.java:1191)
	at org.apache.tomcat.util.threads.ThreadPoolExecutor$Worker.run(ThreadPoolExecutor.java:659)
	at org.apache.tomcat.util.threads.TaskThread$WrappingRunnable.run(TaskThread.java:63)
	at java.base/java.lang.Thread.run(Thread.java:840)
2025-06-19 00:15:36 [http-nio-8080-exec-2] ERROR o.e.config.GlobalExceptionHandler - 未处理的异常: 
org.springframework.web.servlet.NoHandlerFoundException: No endpoint OPTIONS /walkbg/api/user/stats.
	at org.springframework.web.servlet.DispatcherServlet.noHandlerFound(DispatcherServlet.java:1304)
	at org.springframework.web.servlet.DispatcherServlet.doDispatch(DispatcherServlet.java:1067)
	at org.springframework.web.servlet.DispatcherServlet.doService(DispatcherServlet.java:979)
	at org.springframework.web.servlet.FrameworkServlet.processRequest(FrameworkServlet.java:1014)
	at org.springframework.web.servlet.FrameworkServlet.doOptions(FrameworkServlet.java:950)
	at jakarta.servlet.http.HttpServlet.service(HttpServlet.java:599)
	at org.springframework.web.servlet.FrameworkServlet.service(FrameworkServlet.java:885)
	at jakarta.servlet.http.HttpServlet.service(HttpServlet.java:658)
	at org.apache.catalina.core.ApplicationFilterChain.internalDoFilter(ApplicationFilterChain.java:205)
	at org.apache.catalina.core.ApplicationFilterChain.doFilter(ApplicationFilterChain.java:149)
	at org.apache.tomcat.websocket.server.WsFilter.doFilter(WsFilter.java:51)
	at org.apache.catalina.core.ApplicationFilterChain.internalDoFilter(ApplicationFilterChain.java:174)
	at org.apache.catalina.core.ApplicationFilterChain.doFilter(ApplicationFilterChain.java:149)
	at org.springframework.web.filter.ServerHttpObservationFilter.doFilterInternal(ServerHttpObservationFilter.java:109)
	at org.springframework.web.filter.OncePerRequestFilter.doFilter(OncePerRequestFilter.java:116)
	at org.apache.catalina.core.ApplicationFilterChain.internalDoFilter(ApplicationFilterChain.java:174)
	at org.apache.catalina.core.ApplicationFilterChain.doFilter(ApplicationFilterChain.java:149)
	at org.springframework.web.filter.CharacterEncodingFilter.doFilterInternal(CharacterEncodingFilter.java:201)
	at org.springframework.web.filter.OncePerRequestFilter.doFilter(OncePerRequestFilter.java:116)
	at org.apache.catalina.core.ApplicationFilterChain.internalDoFilter(ApplicationFilterChain.java:174)
	at org.apache.catalina.core.ApplicationFilterChain.doFilter(ApplicationFilterChain.java:149)
	at org.apache.catalina.core.StandardWrapperValve.invoke(StandardWrapperValve.java:167)
	at org.apache.catalina.core.StandardContextValve.invoke(StandardContextValve.java:90)
	at org.apache.catalina.authenticator.AuthenticatorBase.invoke(AuthenticatorBase.java:482)
	at org.apache.catalina.core.StandardHostValve.invoke(StandardHostValve.java:115)
	at org.apache.catalina.valves.ErrorReportValve.invoke(ErrorReportValve.java:93)
	at org.apache.catalina.core.StandardEngineValve.invoke(StandardEngineValve.java:74)
	at org.apache.catalina.connector.CoyoteAdapter.service(CoyoteAdapter.java:344)
	at org.apache.coyote.http11.Http11Processor.service(Http11Processor.java:391)
	at org.apache.coyote.AbstractProcessorLight.process(AbstractProcessorLight.java:63)
	at org.apache.coyote.AbstractProtocol$ConnectionHandler.process(AbstractProtocol.java:896)
	at org.apache.tomcat.util.net.NioEndpoint$SocketProcessor.doRun(NioEndpoint.java:1744)
	at org.apache.tomcat.util.net.SocketProcessorBase.run(SocketProcessorBase.java:52)
	at org.apache.tomcat.util.threads.ThreadPoolExecutor.runWorker(ThreadPoolExecutor.java:1191)
	at org.apache.tomcat.util.threads.ThreadPoolExecutor$Worker.run(ThreadPoolExecutor.java:659)
	at org.apache.tomcat.util.threads.TaskThread$WrappingRunnable.run(TaskThread.java:63)
	at java.base/java.lang.Thread.run(Thread.java:840)
2025-06-19 00:19:21 [http-nio-8080-exec-5] WARN  o.s.web.servlet.PageNotFound - No mapping for GET /walkbg/routes
2025-06-19 00:19:21 [http-nio-8080-exec-5] ERROR o.e.config.GlobalExceptionHandler - 未处理的异常: 
org.springframework.web.servlet.NoHandlerFoundException: No endpoint GET /walkbg/routes.
	at org.springframework.web.servlet.DispatcherServlet.noHandlerFound(DispatcherServlet.java:1304)
	at org.springframework.web.servlet.DispatcherServlet.doDispatch(DispatcherServlet.java:1067)
	at org.springframework.web.servlet.DispatcherServlet.doService(DispatcherServlet.java:979)
	at org.springframework.web.servlet.FrameworkServlet.processRequest(FrameworkServlet.java:1014)
	at org.springframework.web.servlet.FrameworkServlet.doGet(FrameworkServlet.java:903)
	at jakarta.servlet.http.HttpServlet.service(HttpServlet.java:564)
	at org.springframework.web.servlet.FrameworkServlet.service(FrameworkServlet.java:885)
	at jakarta.servlet.http.HttpServlet.service(HttpServlet.java:658)
	at org.apache.catalina.core.ApplicationFilterChain.internalDoFilter(ApplicationFilterChain.java:205)
	at org.apache.catalina.core.ApplicationFilterChain.doFilter(ApplicationFilterChain.java:149)
	at org.apache.tomcat.websocket.server.WsFilter.doFilter(WsFilter.java:51)
	at org.apache.catalina.core.ApplicationFilterChain.internalDoFilter(ApplicationFilterChain.java:174)
	at org.apache.catalina.core.ApplicationFilterChain.doFilter(ApplicationFilterChain.java:149)
	at org.springframework.web.filter.ServerHttpObservationFilter.doFilterInternal(ServerHttpObservationFilter.java:109)
	at org.springframework.web.filter.OncePerRequestFilter.doFilter(OncePerRequestFilter.java:116)
	at org.apache.catalina.core.ApplicationFilterChain.internalDoFilter(ApplicationFilterChain.java:174)
	at org.apache.catalina.core.ApplicationFilterChain.doFilter(ApplicationFilterChain.java:149)
	at org.springframework.web.filter.CharacterEncodingFilter.doFilterInternal(CharacterEncodingFilter.java:201)
	at org.springframework.web.filter.OncePerRequestFilter.doFilter(OncePerRequestFilter.java:116)
	at org.apache.catalina.core.ApplicationFilterChain.internalDoFilter(ApplicationFilterChain.java:174)
	at org.apache.catalina.core.ApplicationFilterChain.doFilter(ApplicationFilterChain.java:149)
	at org.apache.catalina.core.StandardWrapperValve.invoke(StandardWrapperValve.java:167)
	at org.apache.catalina.core.StandardContextValve.invoke(StandardContextValve.java:90)
	at org.apache.catalina.authenticator.AuthenticatorBase.invoke(AuthenticatorBase.java:482)
	at org.apache.catalina.core.StandardHostValve.invoke(StandardHostValve.java:115)
	at org.apache.catalina.valves.ErrorReportValve.invoke(ErrorReportValve.java:93)
	at org.apache.catalina.core.StandardEngineValve.invoke(StandardEngineValve.java:74)
	at org.apache.catalina.connector.CoyoteAdapter.service(CoyoteAdapter.java:344)
	at org.apache.coyote.http11.Http11Processor.service(Http11Processor.java:391)
	at org.apache.coyote.AbstractProcessorLight.process(AbstractProcessorLight.java:63)
	at org.apache.coyote.AbstractProtocol$ConnectionHandler.process(AbstractProtocol.java:896)
	at org.apache.tomcat.util.net.NioEndpoint$SocketProcessor.doRun(NioEndpoint.java:1744)
	at org.apache.tomcat.util.net.SocketProcessorBase.run(SocketProcessorBase.java:52)
	at org.apache.tomcat.util.threads.ThreadPoolExecutor.runWorker(ThreadPoolExecutor.java:1191)
	at org.apache.tomcat.util.threads.ThreadPoolExecutor$Worker.run(ThreadPoolExecutor.java:659)
	at org.apache.tomcat.util.threads.TaskThread$WrappingRunnable.run(TaskThread.java:63)
	at java.base/java.lang.Thread.run(Thread.java:840)
2025-06-19 00:19:48 [http-nio-8080-exec-8] ERROR o.e.config.GlobalExceptionHandler - 未处理的异常: 
org.springframework.web.HttpRequestMethodNotSupportedException: Request method 'GET' is not supported
	at org.springframework.web.servlet.mvc.method.RequestMappingInfoHandlerMapping.handleNoMatch(RequestMappingInfoHandlerMapping.java:265)
	at org.springframework.web.servlet.handler.AbstractHandlerMethodMapping.lookupHandlerMethod(AbstractHandlerMethodMapping.java:441)
	at org.springframework.web.servlet.handler.AbstractHandlerMethodMapping.getHandlerInternal(AbstractHandlerMethodMapping.java:382)
	at org.springframework.web.servlet.mvc.method.RequestMappingInfoHandlerMapping.getHandlerInternal(RequestMappingInfoHandlerMapping.java:126)
	at org.springframework.web.servlet.mvc.method.RequestMappingInfoHandlerMapping.getHandlerInternal(RequestMappingInfoHandlerMapping.java:68)
	at org.springframework.web.servlet.handler.AbstractHandlerMapping.getHandler(AbstractHandlerMapping.java:507)
	at org.springframework.web.servlet.DispatcherServlet.getHandler(DispatcherServlet.java:1283)
	at org.springframework.web.servlet.DispatcherServlet.doDispatch(DispatcherServlet.java:1065)
	at org.springframework.web.servlet.DispatcherServlet.doService(DispatcherServlet.java:979)
	at org.springframework.web.servlet.FrameworkServlet.processRequest(FrameworkServlet.java:1014)
	at org.springframework.web.servlet.FrameworkServlet.doGet(FrameworkServlet.java:903)
	at jakarta.servlet.http.HttpServlet.service(HttpServlet.java:564)
	at org.springframework.web.servlet.FrameworkServlet.service(FrameworkServlet.java:885)
	at jakarta.servlet.http.HttpServlet.service(HttpServlet.java:658)
	at org.apache.catalina.core.ApplicationFilterChain.internalDoFilter(ApplicationFilterChain.java:205)
	at org.apache.catalina.core.ApplicationFilterChain.doFilter(ApplicationFilterChain.java:149)
	at org.apache.tomcat.websocket.server.WsFilter.doFilter(WsFilter.java:51)
	at org.apache.catalina.core.ApplicationFilterChain.internalDoFilter(ApplicationFilterChain.java:174)
	at org.apache.catalina.core.ApplicationFilterChain.doFilter(ApplicationFilterChain.java:149)
	at org.springframework.web.filter.ServerHttpObservationFilter.doFilterInternal(ServerHttpObservationFilter.java:109)
	at org.springframework.web.filter.OncePerRequestFilter.doFilter(OncePerRequestFilter.java:116)
	at org.apache.catalina.core.ApplicationFilterChain.internalDoFilter(ApplicationFilterChain.java:174)
	at org.apache.catalina.core.ApplicationFilterChain.doFilter(ApplicationFilterChain.java:149)
	at org.springframework.web.filter.CharacterEncodingFilter.doFilterInternal(CharacterEncodingFilter.java:201)
	at org.springframework.web.filter.OncePerRequestFilter.doFilter(OncePerRequestFilter.java:116)
	at org.apache.catalina.core.ApplicationFilterChain.internalDoFilter(ApplicationFilterChain.java:174)
	at org.apache.catalina.core.ApplicationFilterChain.doFilter(ApplicationFilterChain.java:149)
	at org.apache.catalina.core.StandardWrapperValve.invoke(StandardWrapperValve.java:167)
	at org.apache.catalina.core.StandardContextValve.invoke(StandardContextValve.java:90)
	at org.apache.catalina.authenticator.AuthenticatorBase.invoke(AuthenticatorBase.java:482)
	at org.apache.catalina.core.StandardHostValve.invoke(StandardHostValve.java:115)
	at org.apache.catalina.valves.ErrorReportValve.invoke(ErrorReportValve.java:93)
	at org.apache.catalina.core.StandardEngineValve.invoke(StandardEngineValve.java:74)
	at org.apache.catalina.connector.CoyoteAdapter.service(CoyoteAdapter.java:344)
	at org.apache.coyote.http11.Http11Processor.service(Http11Processor.java:391)
	at org.apache.coyote.AbstractProcessorLight.process(AbstractProcessorLight.java:63)
	at org.apache.coyote.AbstractProtocol$ConnectionHandler.process(AbstractProtocol.java:896)
	at org.apache.tomcat.util.net.NioEndpoint$SocketProcessor.doRun(NioEndpoint.java:1744)
	at org.apache.tomcat.util.net.SocketProcessorBase.run(SocketProcessorBase.java:52)
	at org.apache.tomcat.util.threads.ThreadPoolExecutor.runWorker(ThreadPoolExecutor.java:1191)
	at org.apache.tomcat.util.threads.ThreadPoolExecutor$Worker.run(ThreadPoolExecutor.java:659)
	at org.apache.tomcat.util.threads.TaskThread$WrappingRunnable.run(TaskThread.java:63)
	at java.base/java.lang.Thread.run(Thread.java:840)
2025-06-19 00:19:48 [http-nio-8080-exec-9] ERROR o.e.config.GlobalExceptionHandler - 未处理的异常: 
org.springframework.web.HttpRequestMethodNotSupportedException: Request method 'GET' is not supported
	at org.springframework.web.servlet.mvc.method.RequestMappingInfoHandlerMapping.handleNoMatch(RequestMappingInfoHandlerMapping.java:265)
	at org.springframework.web.servlet.handler.AbstractHandlerMethodMapping.lookupHandlerMethod(AbstractHandlerMethodMapping.java:441)
	at org.springframework.web.servlet.handler.AbstractHandlerMethodMapping.getHandlerInternal(AbstractHandlerMethodMapping.java:382)
	at org.springframework.web.servlet.mvc.method.RequestMappingInfoHandlerMapping.getHandlerInternal(RequestMappingInfoHandlerMapping.java:126)
	at org.springframework.web.servlet.mvc.method.RequestMappingInfoHandlerMapping.getHandlerInternal(RequestMappingInfoHandlerMapping.java:68)
	at org.springframework.web.servlet.handler.AbstractHandlerMapping.getHandler(AbstractHandlerMapping.java:507)
	at org.springframework.web.servlet.DispatcherServlet.getHandler(DispatcherServlet.java:1283)
	at org.springframework.web.servlet.DispatcherServlet.doDispatch(DispatcherServlet.java:1065)
	at org.springframework.web.servlet.DispatcherServlet.doService(DispatcherServlet.java:979)
	at org.springframework.web.servlet.FrameworkServlet.processRequest(FrameworkServlet.java:1014)
	at org.springframework.web.servlet.FrameworkServlet.doGet(FrameworkServlet.java:903)
	at jakarta.servlet.http.HttpServlet.service(HttpServlet.java:564)
	at org.springframework.web.servlet.FrameworkServlet.service(FrameworkServlet.java:885)
	at jakarta.servlet.http.HttpServlet.service(HttpServlet.java:658)
	at org.apache.catalina.core.ApplicationFilterChain.internalDoFilter(ApplicationFilterChain.java:205)
	at org.apache.catalina.core.ApplicationFilterChain.doFilter(ApplicationFilterChain.java:149)
	at org.apache.tomcat.websocket.server.WsFilter.doFilter(WsFilter.java:51)
	at org.apache.catalina.core.ApplicationFilterChain.internalDoFilter(ApplicationFilterChain.java:174)
	at org.apache.catalina.core.ApplicationFilterChain.doFilter(ApplicationFilterChain.java:149)
	at org.springframework.web.filter.ServerHttpObservationFilter.doFilterInternal(ServerHttpObservationFilter.java:109)
	at org.springframework.web.filter.OncePerRequestFilter.doFilter(OncePerRequestFilter.java:116)
	at org.apache.catalina.core.ApplicationFilterChain.internalDoFilter(ApplicationFilterChain.java:174)
	at org.apache.catalina.core.ApplicationFilterChain.doFilter(ApplicationFilterChain.java:149)
	at org.springframework.web.filter.CharacterEncodingFilter.doFilterInternal(CharacterEncodingFilter.java:201)
	at org.springframework.web.filter.OncePerRequestFilter.doFilter(OncePerRequestFilter.java:116)
	at org.apache.catalina.core.ApplicationFilterChain.internalDoFilter(ApplicationFilterChain.java:174)
	at org.apache.catalina.core.ApplicationFilterChain.doFilter(ApplicationFilterChain.java:149)
	at org.apache.catalina.core.StandardWrapperValve.invoke(StandardWrapperValve.java:167)
	at org.apache.catalina.core.StandardContextValve.invoke(StandardContextValve.java:90)
	at org.apache.catalina.authenticator.AuthenticatorBase.invoke(AuthenticatorBase.java:482)
	at org.apache.catalina.core.StandardHostValve.invoke(StandardHostValve.java:115)
	at org.apache.catalina.valves.ErrorReportValve.invoke(ErrorReportValve.java:93)
	at org.apache.catalina.core.StandardEngineValve.invoke(StandardEngineValve.java:74)
	at org.apache.catalina.connector.CoyoteAdapter.service(CoyoteAdapter.java:344)
	at org.apache.coyote.http11.Http11Processor.service(Http11Processor.java:391)
	at org.apache.coyote.AbstractProcessorLight.process(AbstractProcessorLight.java:63)
	at org.apache.coyote.AbstractProtocol$ConnectionHandler.process(AbstractProtocol.java:896)
	at org.apache.tomcat.util.net.NioEndpoint$SocketProcessor.doRun(NioEndpoint.java:1744)
	at org.apache.tomcat.util.net.SocketProcessorBase.run(SocketProcessorBase.java:52)
	at org.apache.tomcat.util.threads.ThreadPoolExecutor.runWorker(ThreadPoolExecutor.java:1191)
	at org.apache.tomcat.util.threads.ThreadPoolExecutor$Worker.run(ThreadPoolExecutor.java:659)
	at org.apache.tomcat.util.threads.TaskThread$WrappingRunnable.run(TaskThread.java:63)
	at java.base/java.lang.Thread.run(Thread.java:840)
2025-06-19 00:20:12 [SpringApplicationShutdownHook] INFO  o.s.o.j.LocalContainerEntityManagerFactoryBean - Closing JPA EntityManagerFactory for persistence unit 'default'
2025-06-19 00:20:12 [SpringApplicationShutdownHook] INFO  com.zaxxer.hikari.HikariDataSource - HikariPool-1 - Shutdown initiated...
2025-06-19 00:20:12 [SpringApplicationShutdownHook] INFO  com.zaxxer.hikari.HikariDataSource - HikariPool-1 - Shutdown completed.
2025-06-19 00:21:14 [main] INFO  org.example.WalkbgApplicationKt - Starting WalkbgApplicationKt using Java 17.0.12 with PID 87986 (/Users/sunyongji/Develop/AI/walkbg/target/classes started by sunyongji in /Users/sunyongji/Develop/AI/walkbg)
2025-06-19 00:21:14 [main] DEBUG org.example.WalkbgApplicationKt - Running with Spring Boot v3.2.3, Spring v6.1.4
2025-06-19 00:21:14 [main] INFO  org.example.WalkbgApplicationKt - No active profile set, falling back to 1 default profile: "default"
2025-06-19 00:21:15 [main] INFO  o.s.d.r.c.RepositoryConfigurationDelegate - Bootstrapping Spring Data JPA repositories in DEFAULT mode.
2025-06-19 00:21:15 [main] INFO  o.s.d.r.c.RepositoryConfigurationDelegate - Finished Spring Data repository scanning in 15 ms. Found 0 JPA repository interfaces.
2025-06-19 00:21:15 [main] INFO  o.s.d.r.c.RepositoryConfigurationDelegate - Bootstrapping Spring Data JPA repositories in DEFAULT mode.
2025-06-19 00:21:15 [main] INFO  o.s.d.r.c.RepositoryConfigurationDelegate - Finished Spring Data repository scanning in 299 ms. Found 28 JPA repository interfaces.
2025-06-19 00:21:17 [main] INFO  o.s.b.w.e.tomcat.TomcatWebServer - Tomcat initialized with port 8080 (http)
2025-06-19 00:21:17 [main] INFO  o.a.catalina.core.StandardService - Starting service [Tomcat]
2025-06-19 00:21:17 [main] INFO  o.a.catalina.core.StandardEngine - Starting Servlet engine: [Apache Tomcat/10.1.19]
2025-06-19 00:21:17 [main] INFO  o.a.c.c.C.[.[localhost].[/walkbg] - Initializing Spring embedded WebApplicationContext
2025-06-19 00:21:17 [main] INFO  o.s.b.w.s.c.ServletWebServerApplicationContext - Root WebApplicationContext: initialization completed in 2843 ms
2025-06-19 00:21:17 [main] INFO  com.zaxxer.hikari.HikariDataSource - HikariPool-1 - Starting...
2025-06-19 00:21:17 [main] INFO  com.zaxxer.hikari.pool.HikariPool - HikariPool-1 - Added connection conn0: url=jdbc:h2:file:./data/walkbgdb user=SA
2025-06-19 00:21:17 [main] INFO  com.zaxxer.hikari.HikariDataSource - HikariPool-1 - Start completed.
2025-06-19 00:21:17 [main] INFO  o.s.b.a.h.H2ConsoleAutoConfiguration - H2 console available at '/h2-console'. Database available at 'jdbc:h2:file:./data/walkbgdb'
2025-06-19 00:21:17 [main] INFO  o.h.jpa.internal.util.LogHelper - HHH000204: Processing PersistenceUnitInfo [name: default]
2025-06-19 00:21:17 [main] INFO  org.hibernate.Version - HHH000412: Hibernate ORM core version 6.4.4.Final
2025-06-19 00:21:17 [main] INFO  o.h.c.i.RegionFactoryInitiator - HHH000026: Second-level cache disabled
2025-06-19 00:21:18 [main] INFO  o.s.o.j.p.SpringPersistenceUnitInfo - No LoadTimeWeaver setup: ignoring JPA class transformer
2025-06-19 00:21:18 [main] WARN  org.hibernate.orm.deprecation - HHH90000025: H2Dialect does not need to be specified explicitly using 'hibernate.dialect' (remove the property setting and it will be selected by default)
2025-06-19 00:21:20 [main] INFO  o.h.e.t.j.p.i.JtaPlatformInitiator - HHH000489: No JTA platform available (set 'hibernate.transaction.jta.platform' to enable JTA platform integration)
2025-06-19 00:21:20 [main] DEBUG org.hibernate.SQL - 
    alter table if exists route_tags 
       drop constraint if exists UKthonw6fmo6wbp72fkdc84tamx
2025-06-19 00:21:20 [main] DEBUG org.hibernate.SQL - 
    alter table if exists route_tags 
       add constraint UKthonw6fmo6wbp72fkdc84tamx unique (route_id, tag)
2025-06-19 00:21:20 [main] DEBUG org.hibernate.SQL - 
    alter table if exists user_favorite_routes 
       drop constraint if exists UKdi22hs7q68ugsjbbp952iorqh
2025-06-19 00:21:20 [main] DEBUG org.hibernate.SQL - 
    alter table if exists user_favorite_routes 
       add constraint UKdi22hs7q68ugsjbbp952iorqh unique (user_id, route_id)
2025-06-19 00:21:20 [main] DEBUG org.hibernate.SQL - 
    alter table if exists users 
       drop constraint if exists idx_users_email
2025-06-19 00:21:20 [main] DEBUG org.hibernate.SQL - 
    alter table if exists users 
       add constraint idx_users_email unique (email)
2025-06-19 00:21:20 [main] DEBUG org.hibernate.SQL - 
    alter table if exists users 
       drop constraint if exists idx_users_username
2025-06-19 00:21:20 [main] DEBUG org.hibernate.SQL - 
    alter table if exists users 
       add constraint idx_users_username unique (username)
2025-06-19 00:21:20 [main] INFO  o.s.o.j.LocalContainerEntityManagerFactoryBean - Initialized JPA EntityManagerFactory for persistence unit 'default'
2025-06-19 00:21:21 [main] INFO  o.s.d.j.r.query.QueryEnhancerFactory - Hibernate is in classpath; If applicable, HQL parser will be used.
2025-06-19 00:21:24 [main] INFO  o.s.b.a.e.web.EndpointLinksResolver - Exposing 4 endpoint(s) beneath base path '/actuator'
2025-06-19 00:21:25 [main] WARN  o.s.b.a.o.j.JpaBaseConfiguration$JpaWebConfiguration - spring.jpa.open-in-view is enabled by default. Therefore, database queries may be performed during view rendering. Explicitly configure spring.jpa.open-in-view to disable this warning
2025-06-19 00:21:26 [main] INFO  o.s.b.w.e.tomcat.TomcatWebServer - Tomcat started on port 8080 (http) with context path '/walkbg'
2025-06-19 00:21:26 [main] INFO  org.example.WalkbgApplicationKt - Started WalkbgApplicationKt in 12.617 seconds (process running for 13.149)
2025-06-19 00:21:30 [http-nio-8080-exec-1] INFO  o.a.c.c.C.[.[localhost].[/walkbg] - Initializing Spring DispatcherServlet 'dispatcherServlet'
2025-06-19 00:21:30 [http-nio-8080-exec-1] INFO  o.s.web.servlet.DispatcherServlet - Initializing Servlet 'dispatcherServlet'
2025-06-19 00:21:30 [http-nio-8080-exec-1] INFO  o.s.web.servlet.DispatcherServlet - Completed initialization in 1 ms
2025-06-19 00:21:30 [http-nio-8080-exec-1] DEBUG org.hibernate.SQL - 
    select
        u1_0.id,
        u1_0.avatar_url,
        u1_0.bio,
        u1_0.created_at,
        u1_0.email,
        u1_0.last_login_at,
        u1_0.nickname,
        u1_0.phone,
        u1_0.updated_at,
        u1_0.username 
    from
        users u1_0 
    where
        u1_0.id=?
2025-06-19 00:21:57 [http-nio-8080-exec-9] WARN  o.s.web.servlet.PageNotFound - No mapping for GET /walkbg/routes
2025-06-19 00:21:57 [http-nio-8080-exec-9] ERROR o.e.config.GlobalExceptionHandler - 未处理的异常: 
org.springframework.web.servlet.NoHandlerFoundException: No endpoint GET /walkbg/routes.
	at org.springframework.web.servlet.DispatcherServlet.noHandlerFound(DispatcherServlet.java:1304)
	at org.springframework.web.servlet.DispatcherServlet.doDispatch(DispatcherServlet.java:1067)
	at org.springframework.web.servlet.DispatcherServlet.doService(DispatcherServlet.java:979)
	at org.springframework.web.servlet.FrameworkServlet.processRequest(FrameworkServlet.java:1014)
	at org.springframework.web.servlet.FrameworkServlet.doGet(FrameworkServlet.java:903)
	at jakarta.servlet.http.HttpServlet.service(HttpServlet.java:564)
	at org.springframework.web.servlet.FrameworkServlet.service(FrameworkServlet.java:885)
	at jakarta.servlet.http.HttpServlet.service(HttpServlet.java:658)
	at org.apache.catalina.core.ApplicationFilterChain.internalDoFilter(ApplicationFilterChain.java:205)
	at org.apache.catalina.core.ApplicationFilterChain.doFilter(ApplicationFilterChain.java:149)
	at org.apache.tomcat.websocket.server.WsFilter.doFilter(WsFilter.java:51)
	at org.apache.catalina.core.ApplicationFilterChain.internalDoFilter(ApplicationFilterChain.java:174)
	at org.apache.catalina.core.ApplicationFilterChain.doFilter(ApplicationFilterChain.java:149)
	at org.springframework.web.filter.ServerHttpObservationFilter.doFilterInternal(ServerHttpObservationFilter.java:109)
	at org.springframework.web.filter.OncePerRequestFilter.doFilter(OncePerRequestFilter.java:116)
	at org.apache.catalina.core.ApplicationFilterChain.internalDoFilter(ApplicationFilterChain.java:174)
	at org.apache.catalina.core.ApplicationFilterChain.doFilter(ApplicationFilterChain.java:149)
	at org.springframework.web.filter.CharacterEncodingFilter.doFilterInternal(CharacterEncodingFilter.java:201)
	at org.springframework.web.filter.OncePerRequestFilter.doFilter(OncePerRequestFilter.java:116)
	at org.apache.catalina.core.ApplicationFilterChain.internalDoFilter(ApplicationFilterChain.java:174)
	at org.apache.catalina.core.ApplicationFilterChain.doFilter(ApplicationFilterChain.java:149)
	at org.apache.catalina.core.StandardWrapperValve.invoke(StandardWrapperValve.java:167)
	at org.apache.catalina.core.StandardContextValve.invoke(StandardContextValve.java:90)
	at org.apache.catalina.authenticator.AuthenticatorBase.invoke(AuthenticatorBase.java:482)
	at org.apache.catalina.core.StandardHostValve.invoke(StandardHostValve.java:115)
	at org.apache.catalina.valves.ErrorReportValve.invoke(ErrorReportValve.java:93)
	at org.apache.catalina.core.StandardEngineValve.invoke(StandardEngineValve.java:74)
	at org.apache.catalina.connector.CoyoteAdapter.service(CoyoteAdapter.java:344)
	at org.apache.coyote.http11.Http11Processor.service(Http11Processor.java:391)
	at org.apache.coyote.AbstractProcessorLight.process(AbstractProcessorLight.java:63)
	at org.apache.coyote.AbstractProtocol$ConnectionHandler.process(AbstractProtocol.java:896)
	at org.apache.tomcat.util.net.NioEndpoint$SocketProcessor.doRun(NioEndpoint.java:1744)
	at org.apache.tomcat.util.net.SocketProcessorBase.run(SocketProcessorBase.java:52)
	at org.apache.tomcat.util.threads.ThreadPoolExecutor.runWorker(ThreadPoolExecutor.java:1191)
	at org.apache.tomcat.util.threads.ThreadPoolExecutor$Worker.run(ThreadPoolExecutor.java:659)
	at org.apache.tomcat.util.threads.TaskThread$WrappingRunnable.run(TaskThread.java:63)
	at java.base/java.lang.Thread.run(Thread.java:840)
2025-06-19 00:22:14 [http-nio-8080-exec-3] DEBUG org.hibernate.SQL - 
    select
        distinct r1_0.id,
        r1_0.cover_url,
        r1_0.created_at,
        r1_0.created_by,
        r1_0.default_map_id,
        r1_0.description,
        r1_0.difficulty,
        r1_0.image_urls,
        r1_0.is_favorite,
        r1_0.is_loop,
        r1_0.name,
        r1_0.popularity,
        r1_0.region,
        r1_0.region_id,
        r1_0.route_type,
        r1_0.status,
        r1_0.updated_at,
        r1_0.usage_count 
    from
        routes r1_0 
    left join
        route_tags t1_0 
            on r1_0.id=t1_0.route_id 
    where
        (
            ? is null 
            or lower(r1_0.name) like lower(('%'||?||'%')) escape '' 
            or lower(r1_0.description) like lower(('%'||?||'%')) escape ''
        ) 
        and (
            ? is null 
            or r1_0.region=?
        ) 
        and (
            ? is null 
            or r1_0.difficulty=?
        ) 
        and (
            ? is null 
            or r1_0.route_type=?
        ) 
        and (
            ? is null 
            or r1_0.status=?
        ) 
        and (
            ? is null 
            or t1_0.tag=?
        ) 
    offset
        ? rows 
    fetch
        first ? rows only
2025-06-19 00:22:14 [http-nio-8080-exec-3] DEBUG org.hibernate.SQL - 
    select
        rr1_0.id,
        rr1_0.difficulty,
        rr1_0.experience,
        rr1_0.facilities,
        rr1_0.overall,
        rr1_0.rating_count,
        rr1_0.route_id,
        rr1_0.scenery 
    from
        route_ratings rr1_0 
    where
        rr1_0.route_id=?
2025-06-19 00:22:14 [http-nio-8080-exec-3] DEBUG org.hibernate.SQL - 
    select
        rw1_0.id,
        rw1_0.best_seasons,
        rw1_0.description,
        rw1_0.precautions,
        rw1_0.route_id 
    from
        route_weather rw1_0 
    where
        rw1_0.route_id=?
2025-06-19 00:22:14 [http-nio-8080-exec-3] DEBUG org.hibernate.SQL - 
    select
        rr1_0.id,
        rr1_0.difficulty,
        rr1_0.experience,
        rr1_0.facilities,
        rr1_0.overall,
        rr1_0.rating_count,
        rr1_0.route_id,
        rr1_0.scenery 
    from
        route_ratings rr1_0 
    where
        rr1_0.route_id=?
2025-06-19 00:22:14 [http-nio-8080-exec-3] DEBUG org.hibernate.SQL - 
    select
        rw1_0.id,
        rw1_0.best_seasons,
        rw1_0.description,
        rw1_0.precautions,
        rw1_0.route_id 
    from
        route_weather rw1_0 
    where
        rw1_0.route_id=?
2025-06-19 00:22:14 [http-nio-8080-exec-3] DEBUG org.hibernate.SQL - 
    select
        rmd1_0.id,
        rmd1_0.altitude,
        rmd1_0.completion_count,
        rmd1_0.created_at,
        rmd1_0.distance,
        rmd1_0.duration,
        rmd1_0.elevation_gain,
        rmd1_0.elevation_loss,
        rmd1_0.favorite_count,
        rmd1_0.latitude,
        rmd1_0.longitude,
        rmd1_0.trip_count,
        rmd1_0.updated_at 
    from
        route_map_data rmd1_0 
    where
        rmd1_0.id=?
2025-06-19 00:22:14 [http-nio-8080-exec-3] DEBUG org.hibernate.SQL - 
    select
        rmd1_0.id,
        rmd1_0.altitude,
        rmd1_0.completion_count,
        rmd1_0.created_at,
        rmd1_0.distance,
        rmd1_0.duration,
        rmd1_0.elevation_gain,
        rmd1_0.elevation_loss,
        rmd1_0.favorite_count,
        rmd1_0.latitude,
        rmd1_0.longitude,
        rmd1_0.trip_count,
        rmd1_0.updated_at 
    from
        route_map_data rmd1_0 
    where
        rmd1_0.id=?
2025-06-19 00:22:27 [http-nio-8080-exec-4] DEBUG org.hibernate.SQL - 
    select
        u1_0.id,
        u1_0.avatar_url,
        u1_0.bio,
        u1_0.created_at,
        u1_0.email,
        u1_0.last_login_at,
        u1_0.nickname,
        u1_0.phone,
        u1_0.updated_at,
        u1_0.username 
    from
        users u1_0 
    where
        u1_0.id=?
2025-06-19 00:23:22 [http-nio-8080-exec-9] DEBUG org.hibernate.SQL - 
    select
        u1_0.id,
        u1_0.avatar_url,
        u1_0.bio,
        u1_0.created_at,
        u1_0.email,
        u1_0.last_login_at,
        u1_0.nickname,
        u1_0.phone,
        u1_0.updated_at,
        u1_0.username 
    from
        users u1_0 
    where
        u1_0.id=?
2025-06-19 00:23:22 [http-nio-8080-exec-10] DEBUG org.hibernate.SQL - 
    select
        distinct r1_0.id,
        r1_0.cover_url,
        r1_0.created_at,
        r1_0.created_by,
        r1_0.default_map_id,
        r1_0.description,
        r1_0.difficulty,
        r1_0.image_urls,
        r1_0.is_favorite,
        r1_0.is_loop,
        r1_0.name,
        r1_0.popularity,
        r1_0.region,
        r1_0.region_id,
        r1_0.route_type,
        r1_0.status,
        r1_0.updated_at,
        r1_0.usage_count 
    from
        routes r1_0 
    left join
        route_tags t1_0 
            on r1_0.id=t1_0.route_id 
    where
        (
            ? is null 
            or lower(r1_0.name) like lower(('%'||?||'%')) escape '' 
            or lower(r1_0.description) like lower(('%'||?||'%')) escape ''
        ) 
        and (
            ? is null 
            or r1_0.region=?
        ) 
        and (
            ? is null 
            or r1_0.difficulty=?
        ) 
        and (
            ? is null 
            or r1_0.route_type=?
        ) 
        and (
            ? is null 
            or r1_0.status=?
        ) 
        and (
            ? is null 
            or t1_0.tag=?
        ) 
    offset
        ? rows 
    fetch
        first ? rows only
2025-06-19 00:23:22 [http-nio-8080-exec-10] DEBUG org.hibernate.SQL - 
    select
        rr1_0.id,
        rr1_0.difficulty,
        rr1_0.experience,
        rr1_0.facilities,
        rr1_0.overall,
        rr1_0.rating_count,
        rr1_0.route_id,
        rr1_0.scenery 
    from
        route_ratings rr1_0 
    where
        rr1_0.route_id=?
2025-06-19 00:23:23 [http-nio-8080-exec-10] DEBUG org.hibernate.SQL - 
    select
        rw1_0.id,
        rw1_0.best_seasons,
        rw1_0.description,
        rw1_0.precautions,
        rw1_0.route_id 
    from
        route_weather rw1_0 
    where
        rw1_0.route_id=?
2025-06-19 00:23:23 [http-nio-8080-exec-10] DEBUG org.hibernate.SQL - 
    select
        rr1_0.id,
        rr1_0.difficulty,
        rr1_0.experience,
        rr1_0.facilities,
        rr1_0.overall,
        rr1_0.rating_count,
        rr1_0.route_id,
        rr1_0.scenery 
    from
        route_ratings rr1_0 
    where
        rr1_0.route_id=?
2025-06-19 00:23:23 [http-nio-8080-exec-10] DEBUG org.hibernate.SQL - 
    select
        rw1_0.id,
        rw1_0.best_seasons,
        rw1_0.description,
        rw1_0.precautions,
        rw1_0.route_id 
    from
        route_weather rw1_0 
    where
        rw1_0.route_id=?
2025-06-19 00:23:23 [http-nio-8080-exec-10] DEBUG org.hibernate.SQL - 
    select
        rmd1_0.id,
        rmd1_0.altitude,
        rmd1_0.completion_count,
        rmd1_0.created_at,
        rmd1_0.distance,
        rmd1_0.duration,
        rmd1_0.elevation_gain,
        rmd1_0.elevation_loss,
        rmd1_0.favorite_count,
        rmd1_0.latitude,
        rmd1_0.longitude,
        rmd1_0.trip_count,
        rmd1_0.updated_at 
    from
        route_map_data rmd1_0 
    where
        rmd1_0.id=?
2025-06-19 00:23:23 [http-nio-8080-exec-10] DEBUG org.hibernate.SQL - 
    select
        rmd1_0.id,
        rmd1_0.altitude,
        rmd1_0.completion_count,
        rmd1_0.created_at,
        rmd1_0.distance,
        rmd1_0.duration,
        rmd1_0.elevation_gain,
        rmd1_0.elevation_loss,
        rmd1_0.favorite_count,
        rmd1_0.latitude,
        rmd1_0.longitude,
        rmd1_0.trip_count,
        rmd1_0.updated_at 
    from
        route_map_data rmd1_0 
    where
        rmd1_0.id=?
2025-06-19 00:23:33 [http-nio-8080-exec-2] WARN  o.s.web.servlet.PageNotFound - No mapping for OPTIONS /walkbg/api/user/stats
2025-06-19 00:23:33 [http-nio-8080-exec-3] DEBUG org.hibernate.SQL - 
    select
        u1_0.id,
        u1_0.avatar_url,
        u1_0.bio,
        u1_0.created_at,
        u1_0.email,
        u1_0.last_login_at,
        u1_0.nickname,
        u1_0.phone,
        u1_0.updated_at,
        u1_0.username 
    from
        users u1_0 
    where
        u1_0.id=?
2025-06-19 00:23:33 [http-nio-8080-exec-2] ERROR o.e.config.GlobalExceptionHandler - 未处理的异常: 
org.springframework.web.servlet.NoHandlerFoundException: No endpoint OPTIONS /walkbg/api/user/stats.
	at org.springframework.web.servlet.DispatcherServlet.noHandlerFound(DispatcherServlet.java:1304)
	at org.springframework.web.servlet.DispatcherServlet.doDispatch(DispatcherServlet.java:1067)
	at org.springframework.web.servlet.DispatcherServlet.doService(DispatcherServlet.java:979)
	at org.springframework.web.servlet.FrameworkServlet.processRequest(FrameworkServlet.java:1014)
	at org.springframework.web.servlet.FrameworkServlet.doOptions(FrameworkServlet.java:950)
	at jakarta.servlet.http.HttpServlet.service(HttpServlet.java:599)
	at org.springframework.web.servlet.FrameworkServlet.service(FrameworkServlet.java:885)
	at jakarta.servlet.http.HttpServlet.service(HttpServlet.java:658)
	at org.apache.catalina.core.ApplicationFilterChain.internalDoFilter(ApplicationFilterChain.java:205)
	at org.apache.catalina.core.ApplicationFilterChain.doFilter(ApplicationFilterChain.java:149)
	at org.apache.tomcat.websocket.server.WsFilter.doFilter(WsFilter.java:51)
	at org.apache.catalina.core.ApplicationFilterChain.internalDoFilter(ApplicationFilterChain.java:174)
	at org.apache.catalina.core.ApplicationFilterChain.doFilter(ApplicationFilterChain.java:149)
	at org.springframework.web.filter.ServerHttpObservationFilter.doFilterInternal(ServerHttpObservationFilter.java:109)
	at org.springframework.web.filter.OncePerRequestFilter.doFilter(OncePerRequestFilter.java:116)
	at org.apache.catalina.core.ApplicationFilterChain.internalDoFilter(ApplicationFilterChain.java:174)
	at org.apache.catalina.core.ApplicationFilterChain.doFilter(ApplicationFilterChain.java:149)
	at org.springframework.web.filter.CharacterEncodingFilter.doFilterInternal(CharacterEncodingFilter.java:201)
	at org.springframework.web.filter.OncePerRequestFilter.doFilter(OncePerRequestFilter.java:116)
	at org.apache.catalina.core.ApplicationFilterChain.internalDoFilter(ApplicationFilterChain.java:174)
	at org.apache.catalina.core.ApplicationFilterChain.doFilter(ApplicationFilterChain.java:149)
	at org.apache.catalina.core.StandardWrapperValve.invoke(StandardWrapperValve.java:167)
	at org.apache.catalina.core.StandardContextValve.invoke(StandardContextValve.java:90)
	at org.apache.catalina.authenticator.AuthenticatorBase.invoke(AuthenticatorBase.java:482)
	at org.apache.catalina.core.StandardHostValve.invoke(StandardHostValve.java:115)
	at org.apache.catalina.valves.ErrorReportValve.invoke(ErrorReportValve.java:93)
	at org.apache.catalina.core.StandardEngineValve.invoke(StandardEngineValve.java:74)
	at org.apache.catalina.connector.CoyoteAdapter.service(CoyoteAdapter.java:344)
	at org.apache.coyote.http11.Http11Processor.service(Http11Processor.java:391)
	at org.apache.coyote.AbstractProcessorLight.process(AbstractProcessorLight.java:63)
	at org.apache.coyote.AbstractProtocol$ConnectionHandler.process(AbstractProtocol.java:896)
	at org.apache.tomcat.util.net.NioEndpoint$SocketProcessor.doRun(NioEndpoint.java:1744)
	at org.apache.tomcat.util.net.SocketProcessorBase.run(SocketProcessorBase.java:52)
	at org.apache.tomcat.util.threads.ThreadPoolExecutor.runWorker(ThreadPoolExecutor.java:1191)
	at org.apache.tomcat.util.threads.ThreadPoolExecutor$Worker.run(ThreadPoolExecutor.java:659)
	at org.apache.tomcat.util.threads.TaskThread$WrappingRunnable.run(TaskThread.java:63)
	at java.base/java.lang.Thread.run(Thread.java:840)
2025-06-19 00:24:04 [SpringApplicationShutdownHook] INFO  o.s.o.j.LocalContainerEntityManagerFactoryBean - Closing JPA EntityManagerFactory for persistence unit 'default'
2025-06-19 00:24:04 [SpringApplicationShutdownHook] INFO  com.zaxxer.hikari.HikariDataSource - HikariPool-1 - Shutdown initiated...
2025-06-19 00:24:04 [SpringApplicationShutdownHook] INFO  com.zaxxer.hikari.HikariDataSource - HikariPool-1 - Shutdown completed.
